,rank,page,each_page_rank,keword,PC_search,Mobile_search,productId,title,lowPrice,highPrice,mallName,productGroup,productType,brand,maker,category1,category2,category3,category4,image
0,0,1,1,초파리,4290,17200,80914344720,신기패 2개입 분필형 해충약 바퀴벌레약 초파리트랩 개미약 살충제 벌레약,9900,0,자취생으로살아남기 스토어,일반상품,가격비교 비매칭 일반상품,신기패,경인제약,생활/건강,생활용품,해충퇴치용품,에어졸/스프레이,https://shopping-phinf.pstatic.net/main_8091434/80914344720.5.jpg
1,1,1,2,초파리,4290,17200,81962367032,초파리 싹 나방파리 제거 퇴치법 페스트세븐 초파리트랩,9900,0,페스트세븐,일반상품,가격비교 비매칭 일반상품,,,생활/건강,생활용품,해충퇴치용품,에어졸/스프레이,https://shopping-phinf.pstatic.net/main_8196236/81962367032.1.jpg
2,2,1,3,초파리,4290,17200,12908866779,홈키파 초파리싹 내츄럴 290ml,7750,21100,네이버,일반상품,가격비교 상품,홈키파,,생활/건강,생활용품,해충퇴치용품,에어졸/스프레이,https://shopping-phinf.pstatic.net/main_1290886/12908866779.20200814104639.jpg
3,3,1,4,초파리,4290,17200,11781220969,울트라델타 모기 파리 나방파리 초파리 벌레 해충 유충 정화조 친환경 연막 퇴치제 살충제,29000,0,비티글로벌,일반상품,가격비교 비매칭 일반상품,,비티글로벌,생활/건강,생활용품,해충퇴치용품,에어졸/스프레이,https://shopping-phinf.pstatic.net/main_1178122/11781220969.jpg
4,4,1,5,초파리,4290,17200,82461228809,살충제 파비 잔류성 구더기 모기 노래기 지네 집거미 개미 송충이 퇴치법 퇴치 약 뿌리 나방 파리 약 화장실 바퀴 돈 좀 벌레 먼지다듬이 천연 쌀 좀 초파리 톡톡이 제거 해충,14000,0,식물의집,일반상품,가격비교 비매칭 일반상품,,,생활/건강,생활용품,해충퇴치용품,에어졸/스프레이,https://shopping-phinf.pstatic.net/main_8246122/82461228809.jpg
5,5,1,6,초파리,4290,17200,80619573519,신기패 2개입 바퀴벌레약 초파리트랩 개미약,9900,0,메디미샵,일반상품,가격비교 비매칭 일반상품,신기패,경인제약,생활/건강,생활용품,해충퇴치용품,에어졸/스프레이,https://shopping-phinf.pstatic.net/main_8061957/80619573519.7.jpg
6,6,1,7,초파리,4290,17200,82179387547,신기패 2개입 초파리트랩 바퀴벌레 개미 해충퇴치 퇴치제 살충제 벌레약 집콕 생활 놀이,9900,0,오마이남친,일반상품,가격비교 비매칭 일반상품,,경인제약,생활/건강,생활용품,해충퇴치용품,에어졸/스프레이,https://shopping-phinf.pstatic.net/main_8217938/82179387547.jpg
7,7,1,8,초파리,4290,17200,82466349709,무료배송 유한양행 해피홈 제로 초파리 스프레이 290ml x 2개,10400,0,비령마켓,일반상품,가격비교 비매칭 일반상품,유한양행,유한양행,생활/건강,생활용품,해충퇴치용품,에어졸/스프레이,https://shopping-phinf.pstatic.net/main_8246634/82466349709.jpg
8,8,1,9,초파리,4290,17200,23277660973,킬파프 초파리 트랩,5000,0,쿠팡,일반상품,가격비교 비매칭 일반상품,킬파프,,생활/건강,생활용품,해충퇴치용품,에어졸/스프레이,https://shopping-phinf.pstatic.net/main_2327766/23277660973.jpg
9,9,1,10,초파리,4290,17200,82048981995,날파리 퇴치법 초파리 나방 모기 해충 없애는법 모기퇴치기,49500,0,착한장터,일반상품,가격비교 비매칭 일반상품,오르다,ORDA,생활/건강,생활용품,해충퇴치용품,에어졸/스프레이,https://shopping-phinf.pstatic.net/main_8204898/82048981995.jpg
10,10,1,11,초파리,4290,17200,24026083004,홈키파 초파리싹,15770,0,쿠팡,일반상품,가격비교 비매칭 일반상품,홈키파,,생활/건강,생활용품,해충퇴치용품,에어졸/스프레이,https://shopping-phinf.pstatic.net/main_2402608/24026083004.1.jpg
11,11,1,12,초파리,4290,17200,80307516963,킬파프 초파리 날파리 퇴치 트랩 3개,17500,0,MR팜,일반상품,가격비교 비매칭 일반상품,킬파프,디비케이,생활/건강,생활용품,해충퇴치용품,에어졸/스프레이,https://shopping-phinf.pstatic.net/main_8030751/80307516963.jpg
12,12,1,13,초파리,4290,17200,81860350741,집 날파리 나방파리 퇴치 화장실 벌레 끈끈이 트랩 살충제 페스트세븐킬 플라이스틱,7500,0,페스트코,일반상품,가격비교 비매칭 일반상품,페스트세븐,,생활/건강,생활용품,해충퇴치용품,에어졸/스프레이,https://shopping-phinf.pstatic.net/main_8186035/81860350741.jpg
13,13,1,14,초파리,4290,17200,82479107921,초파리퇴치법 초파리 트랩 날파리 살충제 해충제 초파리싹 퇴치 가정용 퇴치제 벌레 하수구,3570,0,The Styliahn,일반상품,가격비교 비매칭 일반상품,홈키파,,생활/건강,생활용품,해충퇴치용품,에어졸/스프레이,https://shopping-phinf.pstatic.net/main_8247910/82479107921.1.jpg
14,14,1,15,초파리,4290,17200,82621192463,홈키파 초파리싹 내츄럴알파 290ml 초파리약 날파리퇴치제,7700,0,헬로우메디,일반상품,가격비교 비매칭 일반상품,홈키파,승일,생활/건강,생활용품,해충퇴치용품,에어졸/스프레이,https://shopping-phinf.pstatic.net/main_8262119/82621192463.1.jpg
15,15,1,16,초파리,4290,17200,82437414416,해피홈 홈키파 초파리 스프레이 / 화장실 음식물쓰레기 날파리 퇴치,5500,0,토리모,일반상품,가격비교 비매칭 일반상품,홈키파,헨켈,생활/건강,생활용품,해충퇴치용품,에어졸/스프레이,https://shopping-phinf.pstatic.net/main_8243741/82437414416.jpg
16,16,1,17,초파리,4290,17200,80513191914,끈끈이10장 날파리 퇴치 초파리 트랩 퇴치법 화장실 하수구,55000,0,웰리노,일반상품,가격비교 비매칭 일반상품,웰리노,이레그린,생활/건강,생활용품,해충퇴치용품,에어졸/스프레이,https://shopping-phinf.pstatic.net/main_8051319/80513191914.1.jpg
17,17,1,18,초파리,4290,17200,13047643452,벅스존 제타킬300ml 거미 진드기 개미 벼룩 빈대 날파리 모든 해충퇴치,8900,0,해충박사몰,일반상품,가격비교 비매칭 일반상품,,,생활/건강,생활용품,해충퇴치용품,에어졸/스프레이,https://shopping-phinf.pstatic.net/main_1304764/13047643452.jpg
18,18,1,19,초파리,4290,17200,81549466843,MD 모기퇴치기 초파리 트랩 LED MK1 화이트 해충 킬러(화이트),12900,0,디에스큐브,일반상품,가격비교 비매칭 일반상품,엠디,,생활/건강,생활용품,해충퇴치용품,에어졸/스프레이,https://shopping-phinf.pstatic.net/main_8154946/81549466843.4.jpg
19,19,1,20,초파리,4290,17200,82621073724,초파리 싹 나방파리 벼룩파리 퇴치법 페스트세븐 초파리트랩,9900,0,페스트세븐,일반상품,가격비교 비매칭 일반상품,페스트세븐,,생활/건강,생활용품,해충퇴치용품,에어졸/스프레이,https://shopping-phinf.pstatic.net/main_8262107/82621073724.jpg
20,20,1,21,초파리,4290,17200,82390213173,홈키파 초파리싹,5900,0,뷰티모아아울렛,일반상품,가격비교 비매칭 일반상품,,,생활/건강,생활용품,해충퇴치용품,에어졸/스프레이,https://shopping-phinf.pstatic.net/main_8239021/82390213173.2.jpg
21,21,1,22,초파리,4290,17200,82468054885,초파리 트랩 퇴치 약 싹 트랩 퇴치법 날파리,3570,0,TABIA,일반상품,가격비교 비매칭 일반상품,일양약품,일양약품,생활/건강,생활용품,해충퇴치용품,에어졸/스프레이,https://shopping-phinf.pstatic.net/main_8246805/82468054885.jpg
22,22,1,23,초파리,4290,17200,80082648949,성진제약 더존킬라유제 방역용살충제 연무 분무 모기 파리 기타위생해충 초파리 약품 퇴치,16620,0,강남공구,일반상품,가격비교 비매칭 일반상품,,,생활/건강,생활용품,해충퇴치용품,에어졸/스프레이,https://shopping-phinf.pstatic.net/main_8008264/80082648949.8.jpg
23,23,1,24,초파리,4290,17200,82188188467,신기패 2개입 분필형 바퀴벌레 개미 해충퇴치 날파리 퇴치제 살충제 벌레약 여사친 생일선물,9900,0,에브리띵몰,일반상품,가격비교 비매칭 일반상품,,경인제약,생활/건강,생활용품,해충퇴치용품,에어졸/스프레이,https://shopping-phinf.pstatic.net/main_8218818/82188188467.1.jpg
24,24,1,25,초파리,4290,17200,81438031767,독일DBK기술 초파리 약 퇴치제 초파리트랩,7490,0,방역마트,일반상품,가격비교 비매칭 일반상품,킬파프,,생활/건강,생활용품,해충퇴치용품,에어졸/스프레이,https://shopping-phinf.pstatic.net/main_8143803/81438031767.jpg
25,25,1,26,초파리,4290,17200,13431787778,엠트랩+끈끈이5장+램프1개 해충퇴치기 초파리퇴치 날파리퇴치 초파리트랩,48000,0,새로운생각,일반상품,가격비교 비매칭 일반상품,,,생활/건강,생활용품,해충퇴치용품,에어졸/스프레이,https://shopping-phinf.pstatic.net/main_1343178/13431787778.1.jpg
26,26,1,27,초파리,4290,17200,82605159485,살충제 파비 1+1 잔류성 구더기 모기 노래기 지네 집거미 개미 노린재 퇴치법 퇴치 약 뿌리 나방 파리 약 화장실 바퀴 돈 좀 벌레 먼지다듬이 천연 쌀 좀 초파리 제거 해충,26000,0,식물의집,일반상품,가격비교 비매칭 일반상품,,,생활/건강,생활용품,해충퇴치용품,에어졸/스프레이,https://shopping-phinf.pstatic.net/main_8260515/82605159485.jpg
27,27,1,28,초파리,4290,17200,23697959417,초파리 퇴치제 날파리 해충 제거 살충제 스프레이 가정용 퇴치법,15000,0,헤드세,일반상품,가격비교 비매칭 일반상품,,,생활/건강,생활용품,해충퇴치용품,에어졸/스프레이,https://shopping-phinf.pstatic.net/main_2369795/23697959417.jpg
28,28,1,29,초파리,4290,17200,23893492461,유한양행 해피홈 초파리제로 스프레이  290ml 2개,12900,0,G마켓,일반상품,가격비교 비매칭 일반상품,유한양행,,생활/건강,생활용품,해충퇴치용품,에어졸/스프레이,https://shopping-phinf.pstatic.net/main_2389349/23893492461.jpg
29,29,1,30,초파리,4290,17200,80919184524,"엠디디지탈 벌레 모기 퇴치기 초파리 트랩 MK1 (블랙, 화이트)",20000,0,엠디디지탈,일반상품,가격비교 비매칭 일반상품,,,생활/건강,생활용품,해충퇴치용품,에어졸/스프레이,https://shopping-phinf.pstatic.net/main_8091918/80919184524.5.jpg
30,30,1,31,초파리,4290,17200,9874797818,일양약품 [초파리트랩1+1]---초파리유인제/ 퇴치제/ 식물성/ 천연제충국,9980,0,루트웰,일반상품,가격비교 비매칭 일반상품,일양약품,월드켐,생활/건강,생활용품,해충퇴치용품,에어졸/스프레이,https://shopping-phinf.pstatic.net/main_9874797/9874797818.9.jpg
31,31,1,32,초파리,4290,17200,82563152420,초파리 날파리 퇴치법 트랩,24800,0,정글 짐,일반상품,가격비교 비매칭 일반상품,,,생활/건강,생활용품,해충퇴치용품,에어졸/스프레이,https://shopping-phinf.pstatic.net/main_8256315/82563152420.3.jpg
32,32,1,33,초파리,4290,17200,82612085278,해피홈 초파리 제로 스프레이 290ml x2개,8900,0,TNS아기맘,일반상품,가격비교 비매칭 일반상품,해피홈,지에스캠,생활/건강,생활용품,해충퇴치용품,에어졸/스프레이,https://shopping-phinf.pstatic.net/main_8261208/82612085278.jpg
33,33,1,34,초파리,4290,17200,23894567099,유한양행 해피홈 초파리제로 스프레이  290ml 2개,12900,0,G9,일반상품,가격비교 비매칭 일반상품,유한양행,,생활/건강,생활용품,해충퇴치용품,에어졸/스프레이,https://shopping-phinf.pstatic.net/main_2389456/23894567099.jpg
34,34,1,35,초파리,4290,17200,81012199820,전원주택 정원 야생진드기 모기 날파리 집게벌레 퇴치제 퇴치약 해충 퇴치 살충제,39980,0,방역마트,일반상품,가격비교 비매칭 일반상품,,국보싸이언스,생활/건강,생활용품,해충퇴치용품,에어졸/스프레이,https://shopping-phinf.pstatic.net/main_8101219/81012199820.jpg
35,35,1,36,초파리,4290,17200,82386467128,동성 비오킬 화분 톡톡이 날파리 바이오킬 뿌리파리 베드버그 퇴치제 먼지다듬이 먼지벌레 킬,6000,0,84년생  신약사,일반상품,가격비교 비매칭 일반상품,,,생활/건강,생활용품,해충퇴치용품,에어졸/스프레이,https://shopping-phinf.pstatic.net/main_8238646/82386467128.3.jpg
36,36,1,37,초파리,4290,17200,80996805416,초파리 트랩 퇴치 알 애벌레 없애는 방법 파리퇴치법 생기는 이유 없애기 초파리제거제 제거 박멸 초파리살충제 끈끈이 페스트세븐킬420ml,7500,0,페스트세븐,일반상품,가격비교 비매칭 일반상품,,,생활/건강,생활용품,해충퇴치용품,에어졸/스프레이,https://shopping-phinf.pstatic.net/main_8099680/80996805416.jpg
37,37,1,38,초파리,4290,17200,80711233699,좀벌레퇴치 먼지다듬이 빈대 책벌레 초파리 모기퇴치 천연살충제,6500,0,아로마미스트,일반상품,가격비교 비매칭 일반상품,킬파프,디비케이,생활/건강,생활용품,해충퇴치용품,에어졸/스프레이,https://shopping-phinf.pstatic.net/main_8071123/80711233699.jpg
38,38,1,39,초파리,4290,17200,11297017120,홈매트 홈키파 컴배트 모음전 (옵션택일) 모기 초파리 바퀴벌레 좀벌레 진드기,5250,0,약사와닷컴,일반상품,가격비교 비매칭 일반상품,홈매트,,생활/건강,생활용품,해충퇴치용품,에어졸/스프레이,https://shopping-phinf.pstatic.net/main_1129701/11297017120.4.jpg
39,39,1,40,초파리,4290,17200,82618615725,초파리트랩 날파리퇴치법 블랙 화이트 UV LED 초파리퇴치법 먼지다듬이 모기 해충 킬러,19500,0,부자창고,일반상품,가격비교 비매칭 일반상품,,,생활/건강,생활용품,해충퇴치용품,에어졸/스프레이,https://shopping-phinf.pstatic.net/main_8261861/82618615725.jpg
40,40,2,1,초파리,4290,17200,81284611796,2P 신기패 바퀴벌레 약 개미약 퇴치약 날파리 살충제 기발한 아이디어상품 [고래샵],9900,0,고래SHOP,일반상품,가격비교 비매칭 일반상품,신기패,경인제약,생활/건강,생활용품,해충퇴치용품,에어졸/스프레이,https://shopping-phinf.pstatic.net/main_8128461/81284611796.4.jpg
41,41,2,2,초파리,4290,17200,23779605528,모스넷 날파리퇴치 민트향 60ml,2100,7950,네이버,일반상품,가격비교 상품,모스넷,,생활/건강,생활용품,해충퇴치용품,에어졸/스프레이,https://shopping-phinf.pstatic.net/main_2377960/23779605528.20200814113658.jpg
42,42,2,3,초파리,4290,17200,11653984720,킬파프 초파리트랩 3개 무독성 과일파리 날벌레 날파리 유인액 제거 퇴치,17500,0,가나월드팜,일반상품,가격비교 비매칭 일반상품,킬파프,디비케이,생활/건강,생활용품,해충퇴치용품,에어졸/스프레이,https://shopping-phinf.pstatic.net/main_1165398/11653984720.jpg
43,43,2,4,초파리,4290,17200,82570489844,초파리퇴치제 초파리퇴치법 살충제 날파리 나방파리 초파리트랩 스프레이 약 진드기 해피홈,5980,0,인테리어 해움,일반상품,가격비교 비매칭 일반상품,해피홈,유한양행,생활/건강,생활용품,해충퇴치용품,에어졸/스프레이,https://shopping-phinf.pstatic.net/main_8257048/82570489844.jpg
44,44,2,5,초파리,4290,17200,82538212898,일양약품 스마트 초파리트랩 리빙굿 홈키파 초파리 싹 스프레이 290ml,1730,0,미미하우스코리아,일반상품,가격비교 비매칭 일반상품,,,생활/건강,생활용품,해충퇴치용품,에어졸/스프레이,https://shopping-phinf.pstatic.net/main_8253821/82538212898.jpg
45,45,2,6,초파리,4290,17200,81728966560,먼지다듬이 좀벌레 지네 거미 옴진드기 각종 날파리 벌레 퇴치제 용품,9500,0,방역마트,일반상품,가격비교 비매칭 일반상품,,,생활/건강,생활용품,해충퇴치용품,에어졸/스프레이,https://shopping-phinf.pstatic.net/main_8172896/81728966560.jpg
46,46,2,7,초파리,4290,17200,19228088794,일양약품 스마트 초파리 트랩,4500,0,쿠팡,일반상품,가격비교 비매칭 일반상품,일양약품,,생활/건강,생활용품,해충퇴치용품,에어졸/스프레이,https://shopping-phinf.pstatic.net/main_1922808/19228088794.jpg
47,47,2,8,초파리,4290,17200,82582322621,파비 노래기 지네 벼룩이 집거미 구더기 하루살이 쌀바구미 바귀벌레 진드기 진딧물 모기 나방 뿌리파리 곰박사이 빈대 베드버그 퇴치제 무당벌레 먼지다듬이 화분날파리 제거 퇴치 약,16000,0,바른농자재,일반상품,가격비교 비매칭 일반상품,,,생활/건강,생활용품,해충퇴치용품,에어졸/스프레이,https://shopping-phinf.pstatic.net/main_8258232/82582322621.2.jpg
48,48,2,9,초파리,4290,17200,82218763703,뿌리는 모기약 홈키파 에어졸 500ml 정원의비밀 날파리 임산부 모기퇴제 천연 제충국,8500,0,별다샵,일반상품,가격비교 비매칭 일반상품,,,생활/건강,생활용품,해충퇴치용품,에어졸/스프레이,https://shopping-phinf.pstatic.net/main_8221876/82218763703.jpg
49,49,2,10,초파리,4290,17200,82167171948,초파리 날파리 퇴치법 없애는법 트랩 천연 모기 퇴치제 퇴치기,9700,0,네코네코샵,일반상품,가격비교 비매칭 일반상품,,,생활/건강,생활용품,해충퇴치용품,에어졸/스프레이,https://shopping-phinf.pstatic.net/main_8216717/82167171948.jpg
50,50,2,11,초파리,4290,17200,10100099192,노런 왕 파리 끈끈이 5매 1개/해충 벌레 모기 초파리,600,0,로하스닷컴,일반상품,가격비교 비매칭 일반상품,,대길산업,생활/건강,생활용품,해충퇴치용품,에어졸/스프레이,https://shopping-phinf.pstatic.net/main_1010009/10100099192.3.jpg
51,51,2,12,초파리,4290,17200,82612618882,끈끈이10장 날파리 퇴치 초파리 나방 트랩 퇴치법,55000,0,모기퇴치코리아,일반상품,가격비교 비매칭 일반상품,,이레그린,생활/건강,생활용품,해충퇴치용품,에어졸/스프레이,https://shopping-phinf.pstatic.net/main_8261261/82612618882.jpg
52,52,2,13,초파리,4290,17200,82550027268,페스트가드액 몸에뿌리는 모기약(안티모스키토액 아기 모기기피제 코스트코 초파리퇴치제),4990,0,에어퓨,일반상품,가격비교 비매칭 일반상품,,대일제약,생활/건강,생활용품,해충퇴치용품,에어졸/스프레이,https://shopping-phinf.pstatic.net/main_8255002/82550027268.jpg
53,53,2,14,초파리,4290,17200,82445077742,약국 바퀴벌레약 좀벌레 퇴치법 침개미 집거미 날개미 퇴치 다이소 흰개미 날파리 초파리,4900,0,BAR CODE,일반상품,가격비교 비매칭 일반상품,,헨켈,생활/건강,생활용품,해충퇴치용품,에어졸/스프레이,https://shopping-phinf.pstatic.net/main_8244507/82445077742.jpg
54,54,2,15,초파리,4290,17200,82492883717,자외선 광파 날파리 퇴치기 화장실 침실 나방 초 파리 퇴치법 벌레 트랩,7800,0,상위생활연구소,일반상품,가격비교 비매칭 일반상품,,,생활/건강,생활용품,해충퇴치용품,에어졸/스프레이,https://shopping-phinf.pstatic.net/main_8249288/82492883717.jpg
55,55,2,16,초파리,4290,17200,82499165288,홈키파 컴배트 모기 개미 바퀴벌레 초파리 퇴치제 스프레이 에프킬라 모기기피제,1460,0,툴벤저스,일반상품,가격비교 비매칭 일반상품,헹켈,,생활/건강,생활용품,해충퇴치용품,에어졸/스프레이,https://shopping-phinf.pstatic.net/main_8249916/82499165288.jpg
56,56,2,17,초파리,4290,17200,11885756430,천연 에센셜 아로마 시트로넬라 라벤더 스피아민트 오일로 만든 아기 유아 벌레 모기 초파리 없애는 퇴치제 기피제 스프레이 만드는법,9500,0,블루엣,일반상품,가격비교 비매칭 일반상품,,,생활/건강,생활용품,해충퇴치용품,에어졸/스프레이,https://shopping-phinf.pstatic.net/main_1188575/11885756430.jpg
57,57,2,18,초파리,4290,17200,82512529442,일양약품 스마트 초파리 트랩 초파리유인 초파리퇴치,2900,0,그린킹,일반상품,가격비교 비매칭 일반상품,,월드켐,생활/건강,생활용품,해충퇴치용품,에어졸/스프레이,https://shopping-phinf.pstatic.net/main_8251252/82512529442.jpg
58,58,2,19,초파리,4290,17200,82632881697,초파리 날파리 퇴치법 화장실 나방파리 화장실벌레퇴치,16900,0,미노월드,일반상품,가격비교 비매칭 일반상품,,,생활/건강,생활용품,해충퇴치용품,에어졸/스프레이,https://shopping-phinf.pstatic.net/main_8263288/82632881697.jpg
59,59,2,20,초파리,4290,17200,82523138549,리빙굿 초파리트랩 화장실벌레 나방파리퇴치,1600,0,에이케이마켓,일반상품,가격비교 비매칭 일반상품,리빙굿,비엘코리아,생활/건강,생활용품,해충퇴치용품,에어졸/스프레이,https://shopping-phinf.pstatic.net/main_8252313/82523138549.jpg
60,60,2,21,초파리,4290,17200,80974971312,캠핑 야외 가정용 LED모기퇴치기 초파리트랩 날벌레 제거,28900,0,데이리브,일반상품,가격비교 비매칭 일반상품,데이리브,,생활/건강,생활용품,해충퇴치용품,에어졸/스프레이,https://shopping-phinf.pstatic.net/main_8097497/80974971312.2.jpg
61,61,2,22,초파리,4290,17200,82528427138,리빙굿 초파리트랩 과일 날파리 유인제 해충퇴치,1580,0,다나와25,일반상품,가격비교 비매칭 일반상품,,,생활/건강,생활용품,해충퇴치용품,에어졸/스프레이,https://shopping-phinf.pstatic.net/main_8252842/82528427138.jpg
62,62,2,23,초파리,4290,17200,82526831446,디디브이피 파리약 초파리 모기약 유충 축사 위생 해충 살충제 디클로르보스 DDVP,9480,0,식물의집,일반상품,가격비교 비매칭 일반상품,대유,,생활/건강,생활용품,해충퇴치용품,에어졸/스프레이,https://shopping-phinf.pstatic.net/main_8252683/82526831446.jpg
63,63,2,24,초파리,4290,17200,82612895370,초파리 나방파리 제거 퇴치법 페스트세븐 초파리트랩,9900,0,페스트세븐,일반상품,가격비교 비매칭 일반상품,페스트세븐,,생활/건강,생활용품,해충퇴치용품,에어졸/스프레이,https://shopping-phinf.pstatic.net/main_8261289/82612895370.jpg
64,64,2,25,초파리,4290,17200,82560714336,훈연 연기로 잡는 바퀴킬라 박멸제 초파리트랩 벌레잡는기계 파리끈끈이 해충퇴치기 해충박멸,3760,0,팹시티,일반상품,가격비교 비매칭 일반상품,,,생활/건강,생활용품,해충퇴치용품,에어졸/스프레이,https://shopping-phinf.pstatic.net/main_8256071/82560714336.1.jpg
65,65,2,26,초파리,4290,17200,9395145337,굿페스 더존맥스 파리 모기 날파리 지네 바퀴벌레약,18000,0,옥션,일반상품,가격비교 비매칭 일반상품,,,생활/건강,생활용품,해충퇴치용품,에어졸/스프레이,https://shopping-phinf.pstatic.net/main_9395145/9395145337.2.jpg
66,66,2,27,초파리,4290,17200,22878941637,해피홈 제로 초파리 스프레이 290ml x 2개,10830,0,G9,일반상품,가격비교 비매칭 일반상품,해피홈,,생활/건강,생활용품,해충퇴치용품,에어졸/스프레이,https://shopping-phinf.pstatic.net/main_2287894/22878941637.jpg
67,67,2,28,초파리,4290,17200,14855155533,영국 초파리 초파리퇴치 날파리 페르몬 트랩 (1개입),1860,0,옥션,일반상품,가격비교 비매칭 일반상품,,,생활/건강,생활용품,해충퇴치용품,에어졸/스프레이,https://shopping-phinf.pstatic.net/main_1485515/14855155533.3.jpg
68,68,2,29,초파리,4290,17200,24230498246,초파리퇴치법 - 골치 아픈 초파리 간단하게 제거하는 스프레이,13900,0,에어파,일반상품,가격비교 비매칭 일반상품,,,생활/건강,생활용품,해충퇴치용품,에어졸/스프레이,https://shopping-phinf.pstatic.net/main_2423049/24230498246.jpg
69,69,2,30,초파리,4290,17200,24230498169,날파리퇴치법 - 흔들어서 뿌리기만 하면 끝나는 간편한 스프레이,13900,0,에어파,일반상품,가격비교 비매칭 일반상품,,,생활/건강,생활용품,해충퇴치용품,에어졸/스프레이,https://shopping-phinf.pstatic.net/main_2423049/24230498169.jpg
70,70,2,31,초파리,4290,17200,22420772119,K마켓 유한양행 해피홈 초파리제로 스프레이,9900,0,쿠팡,일반상품,가격비교 비매칭 일반상품,,,생활/건강,생활용품,해충퇴치용품,에어졸/스프레이,https://shopping-phinf.pstatic.net/main_2242077/22420772119.1.jpg
71,71,2,32,초파리,4290,17200,24230498257,"초파리트랩 - 쓰레기통, 싱크대, 배수구 근처 초파리 제거",13900,0,에어파,일반상품,가격비교 비매칭 일반상품,,,생활/건강,생활용품,해충퇴치용품,에어졸/스프레이,https://shopping-phinf.pstatic.net/main_2423049/24230498257.jpg
72,72,2,33,초파리,4290,17200,82456641160,유한양행 해피홈 초파리 진드기 제로 스프레이 290ml,5900,0,바이문스토어,일반상품,가격비교 비매칭 일반상품,해피홈,유한양행,생활/건강,생활용품,해충퇴치용품,에어졸/스프레이,https://shopping-phinf.pstatic.net/main_8245664/82456641160.jpg
73,73,2,34,초파리,4290,17200,82560557924,킬파프 초파리 퇴치 트랩,5000,0,마켓홀릭,일반상품,가격비교 비매칭 일반상품,킬파프,,생활/건강,생활용품,해충퇴치용품,에어졸/스프레이,https://shopping-phinf.pstatic.net/main_8256055/82560557924.2.jpg
74,74,2,35,초파리,4290,17200,24230498202,초파리살충제 - 집 안 청결을 방해하는 초파리 쉽고 빠르게 퇴치하기,13900,0,에어파,일반상품,가격비교 비매칭 일반상품,,,생활/건강,생활용품,해충퇴치용품,에어졸/스프레이,https://shopping-phinf.pstatic.net/main_2423049/24230498202.jpg
75,75,2,36,초파리,4290,17200,82615127144,국산 초파리 날파리 퇴치법 초파리트랩 날파리없애는법 나방파리퇴치 유인제포함,1900,0,쓸모있는 상점,일반상품,가격비교 비매칭 일반상품,,,생활/건강,생활용품,해충퇴치용품,에어졸/스프레이,https://shopping-phinf.pstatic.net/main_8261512/82615127144.1.jpg
76,76,2,37,초파리,4290,17200,82544564174,먼지다듬이 노래기퇴치 바퀴벌레 집거미 날파리 모기퇴치법 좀벌레 동성제약 해충제비오킬,9900,0,꿈과나무,일반상품,가격비교 비매칭 일반상품,,동성제약,생활/건강,생활용품,해충퇴치용품,에어졸/스프레이,https://shopping-phinf.pstatic.net/main_8254456/82544564174.jpg
77,77,2,38,초파리,4290,17200,82662681904,친환경 헬버그 노래기 지네 거미 퇴치제 개미 진드기 퇴치약 날 초파리 진딧물 천연 모기약,7500,0,스마트한 농부,일반상품,가격비교 비매칭 일반상품,,,생활/건강,생활용품,해충퇴치용품,에어졸/스프레이,https://shopping-phinf.pstatic.net/main_8266268/82662681904.2.jpg
78,78,2,39,초파리,4290,17200,82570605691,파비 830ml 바퀴벌레 집거미 진드기 모기 지네 쌀 좀 애 먼지다듬이 바구미 초파리 구더기 뿌리파리 나방 유충 해충 톡톡이 하루살이 개미 퇴치 제거 약 노래기 살충제,14000,0,모두싹판다,일반상품,가격비교 비매칭 일반상품,,,생활/건강,생활용품,해충퇴치용품,에어졸/스프레이,https://shopping-phinf.pstatic.net/main_8257060/82570605691.2.jpg
79,79,2,40,초파리,4290,17200,81728810661,날파리없애는법 초파리 파리 나방파리 살충제/트랩 용품,4500,0,방역마트,일반상품,가격비교 비매칭 일반상품,,,생활/건강,생활용품,해충퇴치용품,에어졸/스프레이,https://shopping-phinf.pstatic.net/main_8172881/81728810661.1.jpg
80,80,3,1,초파리,4290,17200,24230498191,날파리트랩 - 사용 간편한 스프레이형 살충제,13900,0,에어파,일반상품,가격비교 비매칭 일반상품,,,생활/건강,생활용품,해충퇴치용품,에어졸/스프레이,https://shopping-phinf.pstatic.net/main_2423049/24230498191.jpg
81,81,3,2,초파리,4290,17200,24230498158,가정용살충제 - 안심 사용 국산 초파리 스프레이,13900,0,에어파,일반상품,가격비교 비매칭 일반상품,,,생활/건강,생활용품,해충퇴치용품,에어졸/스프레이,https://shopping-phinf.pstatic.net/main_2423049/24230498158.jpg
82,82,3,3,초파리,4290,17200,24230498224,초파리제거 - 지긋지긋한 초파리 박멸 스프레이,13900,0,에어파,일반상품,가격비교 비매칭 일반상품,,,생활/건강,생활용품,해충퇴치용품,에어졸/스프레이,https://shopping-phinf.pstatic.net/main_2423049/24230498224.jpg
83,83,3,4,초파리,4290,17200,82152824943,날파리 퇴치법 초파리 트랩모기 퇴치기 없애는법,9800,0,더베어리어스,일반상품,가격비교 비매칭 일반상품,,유니맥스이엔엘,생활/건강,생활용품,해충퇴치용품,에어졸/스프레이,https://shopping-phinf.pstatic.net/main_8215282/82152824943.5.jpg
84,84,3,5,초파리,4290,17200,23893617937,유한양행 해피홈 초파리제로 스프레이 290ml 2개,13770,0,옥션,일반상품,가격비교 비매칭 일반상품,유한양행,,생활/건강,생활용품,해충퇴치용품,에어졸/스프레이,https://shopping-phinf.pstatic.net/main_2389361/23893617937.jpg
85,85,3,6,초파리,4290,17200,9925128857,초파리퇴치제-2개/날파리 파리약 집파리 음식물,11500,0,미소팜,일반상품,가격비교 비매칭 일반상품,일양약품,월드켐,생활/건강,생활용품,해충퇴치용품,에어졸/스프레이,https://shopping-phinf.pstatic.net/main_9925128/9925128857.1.jpg
86,86,3,7,초파리,4290,17200,19300407735,초파리트랩(유인제+용기) 2개+ 초파리스프레이 1개,13900,0,11번가,일반상품,가격비교 비매칭 일반상품,일양약품,,생활/건강,생활용품,해충퇴치용품,에어졸/스프레이,https://shopping-phinf.pstatic.net/main_1930040/19300407735.jpg
87,87,3,8,초파리,4290,17200,81004091979,롱다운유제 연무제 연무기 연막기 개미퇴치법 날파리없애는법,40000,0,슈퍼푸드스토어,일반상품,가격비교 비매칭 일반상품,,,생활/건강,생활용품,해충퇴치용품,에어졸/스프레이,https://shopping-phinf.pstatic.net/main_8100409/81004091979.jpg
88,88,3,9,초파리,4290,17200,82497801546,날파리퇴치법 초파리없애는법 나방파리트랩,11500,0,아이조타,일반상품,가격비교 비매칭 일반상품,,,생활/건강,생활용품,해충퇴치용품,에어졸/스프레이,https://shopping-phinf.pstatic.net/main_8249780/82497801546.jpg
89,89,3,10,초파리,4290,17200,82124944494,람다킬MC 1리터 살충제 분무 바퀴벌레약 바퀴벌레없애는법 깔따구퇴치 날파리퇴치법,41400,0,제이큐,일반상품,가격비교 비매칭 일반상품,국보싸이언스,국보싸이언스,생활/건강,생활용품,해충퇴치용품,에어졸/스프레이,https://shopping-phinf.pstatic.net/main_8212494/82124944494.jpg
90,90,3,11,초파리,4290,17200,24101491074,킬파프 플라이케쳐 초파리트랩 15ml 초파리퇴치 ed01,4980,0,G마켓,일반상품,가격비교 비매칭 일반상품,,,생활/건강,생활용품,해충퇴치용품,에어졸/스프레이,https://shopping-phinf.pstatic.net/main_2410149/24101491074.jpg
91,91,3,12,초파리,4290,17200,82629879190,구더기 콩벌레 귀뚜라미 쥐며느리 퇴치 공벌레 거미 노래기 잔류성 살충제 퇴치 날파리초파리,12000,0,싼타아이,일반상품,가격비교 비매칭 일반상품,,,생활/건강,생활용품,해충퇴치용품,에어졸/스프레이,https://shopping-phinf.pstatic.net/main_8262987/82629879190.jpg
92,92,3,13,초파리,4290,17200,82458655037,집 날파리 퇴치법 퇴치제 제거제 화장실 나방 진드기 살충제 트랩 해충 싹 없애는 천연,6500,0,디코리스,일반상품,가격비교 비매칭 일반상품,유한양행,유한양행,생활/건강,생활용품,해충퇴치용품,에어졸/스프레이,https://shopping-phinf.pstatic.net/main_8245865/82458655037.1.jpg
93,93,3,14,초파리,4290,17200,82584843859,(오늘출발) 코바에가 호이호이 초파리 트랩 개입 선택,8500,0,와토몰,일반상품,가격비교 비매칭 일반상품,,,생활/건강,생활용품,해충퇴치용품,에어졸/스프레이,https://shopping-phinf.pstatic.net/main_8258484/82584843859.1.jpg
94,94,3,15,초파리,4290,17200,19300787487,초파리트랩(유인제+용기) 2개+ 초파리스프레이 1개,12590,0,옥션,일반상품,가격비교 비매칭 일반상품,,,생활/건강,생활용품,해충퇴치용품,에어졸/스프레이,https://shopping-phinf.pstatic.net/main_1930078/19300787487.jpg
95,95,3,16,초파리,4290,17200,14029358150,거미 벼룩 빈대 날파리 약 해충 벅스올kill 500ml,7800,0,G마켓,일반상품,가격비교 비매칭 일반상품,,,생활/건강,생활용품,해충퇴치용품,에어졸/스프레이,https://shopping-phinf.pstatic.net/main_1402935/14029358150.jpg
96,96,3,17,초파리,4290,17200,22792661401,무료배송 해피홈 제로 초파리 스프레이 290ml x 2개,11900,0,G마켓,일반상품,가격비교 비매칭 일반상품,,,생활/건강,생활용품,해충퇴치용품,에어졸/스프레이,https://shopping-phinf.pstatic.net/main_2279266/22792661401.2.jpg
97,97,3,18,초파리,4290,17200,81453255860,독일DBK기술 바퀴/모기/날파리 살충제 울트라에어졸,5500,0,방역마트,일반상품,가격비교 비매칭 일반상품,킬파프,,생활/건강,생활용품,해충퇴치용품,에어졸/스프레이,https://shopping-phinf.pstatic.net/main_8145325/81453255860.jpg
98,98,3,19,초파리,4290,17200,80651350233,날파리 퇴치 초파리 퇴치법 나방 파리 화랑곡나방 없애는법 트랩,79000,0,퓨어비,일반상품,가격비교 비매칭 일반상품,,,생활/건강,생활용품,해충퇴치용품,에어졸/스프레이,https://shopping-phinf.pstatic.net/main_8065135/80651350233.jpg
99,99,3,20,초파리,4290,17200,19300830451,초파리트랩(유인제+용기) 2개+초파리스프레이 1개,12400,0,G마켓,일반상품,가격비교 비매칭 일반상품,,,생활/건강,생활용품,해충퇴치용품,에어졸/스프레이,https://shopping-phinf.pstatic.net/main_1930083/19300830451.jpg
100,100,3,21,초파리,4290,17200,24103988717,DBK 킬파프 플라이캐쳐 초파리트랩 15mlx2 초파리퇴치 ed01,12650,0,G9,일반상품,가격비교 비매칭 일반상품,,,생활/건강,생활용품,해충퇴치용품,에어졸/스프레이,https://shopping-phinf.pstatic.net/main_2410398/24103988717.jpg
101,101,3,22,초파리,4290,17200,21241636798,홈키파 홈키파 초파리싹 290ml,5800,0,옥션,일반상품,가격비교 비매칭 일반상품,홈키파,,생활/건강,생활용품,해충퇴치용품,에어졸/스프레이,https://shopping-phinf.pstatic.net/main_2124163/21241636798.jpg
102,102,3,23,초파리,4290,17200,82403751858,롱다운플러스 소독약(잔류성살충제 노린재 초파리 돈벌레 연막 셀프방역 베드버그약),33900,0,에어퓨,일반상품,가격비교 비매칭 일반상품,,,생활/건강,생활용품,해충퇴치용품,에어졸/스프레이,https://shopping-phinf.pstatic.net/main_8240375/82403751858.1.jpg
103,103,3,24,초파리,4290,17200,24100527227,킬파프 플라이캐쳐 초파리트랩 15mlx2 초파리퇴치 ed01,13060,0,G마켓,일반상품,가격비교 비매칭 일반상품,,,생활/건강,생활용품,해충퇴치용품,에어졸/스프레이,https://shopping-phinf.pstatic.net/main_2410052/24100527227.jpg
104,104,3,25,초파리,4290,17200,82523228057,리빙굿 초파리 트랩 벌레퇴치 날파리없애는법,1600,0,금토일샵,일반상품,가격비교 비매칭 일반상품,리빙굿,비엘코리아,생활/건강,생활용품,해충퇴치용품,에어졸/스프레이,https://shopping-phinf.pstatic.net/main_8252322/82523228057.jpg
105,105,3,26,초파리,4290,17200,5371979090,제충국에어졸/초파리/모기/천연 성분 살충제/킬파프,6110,0,옥션,일반상품,가격비교 비매칭 일반상품,,디비케이,생활/건강,생활용품,해충퇴치용품,에어졸/스프레이,https://shopping-phinf.pstatic.net/main_5371979/5371979090.4.jpg
106,106,3,27,초파리,4290,17200,82455657402,모기방역 초파리 날파리 모기 트랩 머레이 꼬마데빌,25900,0,구루미나라,일반상품,가격비교 비매칭 일반상품,머레이,머레이,생활/건강,생활용품,해충퇴치용품,에어졸/스프레이,https://shopping-phinf.pstatic.net/main_8245565/82455657402.jpg
107,107,3,28,초파리,4290,17200,19025114776,유한양행 해피홈 제로 좀벌레아웃 진드기 초파리 퇴치 스프레이 집안에서 서식하는 벌레 퇴치,3300,0,티몬,일반상품,가격비교 비매칭 일반상품,유한양행,,생활/건강,생활용품,해충퇴치용품,에어졸/스프레이,https://shopping-phinf.pstatic.net/main_1902511/19025114776.jpg
108,108,3,29,초파리,4290,17200,82060175124,초파리 약 초파리제로 스프레이 진드기 진드기제로,7880,0,미소라이프,일반상품,가격비교 비매칭 일반상품,유한양행,,생활/건강,생활용품,해충퇴치용품,에어졸/스프레이,https://shopping-phinf.pstatic.net/main_8206017/82060175124.1.jpg
109,109,3,30,초파리,4290,17200,18465709917,킬파프 초파리트랩 2개/무독성/초파리/과일파리,11700,0,11번가,일반상품,가격비교 비매칭 일반상품,킬파프,,생활/건강,생활용품,해충퇴치용품,에어졸/스프레이,https://shopping-phinf.pstatic.net/main_1846570/18465709917.1.jpg
110,110,3,31,초파리,4290,17200,82577848481,[유한양행] 해피홈 초파리제로 스프레이 290ml,5900,0,SYMPHONY,일반상품,가격비교 비매칭 일반상품,해피홈,유한양행,생활/건강,생활용품,해충퇴치용품,에어졸/스프레이,https://shopping-phinf.pstatic.net/main_8257784/82577848481.jpg
111,111,3,32,초파리,4290,17200,23820516124,해피홈 초파리 제로 스프레이 290ml,4410,0,인터파크,일반상품,가격비교 비매칭 일반상품,해피홈,,생활/건강,생활용품,해충퇴치용품,에어졸/스프레이,https://shopping-phinf.pstatic.net/main_2382051/23820516124.jpg
112,112,3,33,초파리,4290,17200,24230498180,"날파리퇴치제 - 쓰레기통, 음식물쓰레기 등에 뿌리기만 하면 끝!",13900,0,에어파,일반상품,가격비교 비매칭 일반상품,,,생활/건강,생활용품,해충퇴치용품,에어졸/스프레이,https://shopping-phinf.pstatic.net/main_2423049/24230498180.jpg
113,113,3,34,초파리,4290,17200,18465621059,킬파프 초파리트랩 2개/무독성/초파리/과일파리,9260,0,인터파크,일반상품,가격비교 비매칭 일반상품,킬파프,,생활/건강,생활용품,해충퇴치용품,에어졸/스프레이,https://shopping-phinf.pstatic.net/main_1846562/18465621059.1.jpg
114,114,3,35,초파리,4290,17200,22974873848,해피홈 초파리제로,7600,0,쿠팡,일반상품,가격비교 비매칭 일반상품,해피홈,,생활/건강,생활용품,해충퇴치용품,에어졸/스프레이,https://shopping-phinf.pstatic.net/main_2297487/22974873848.4.jpg
115,115,3,36,초파리,4290,17200,24024115525,f해피홈 초파리제로(290ml) x1박스(12개) 초파리제거,133120,0,신나라마켓,일반상품,가격비교 비매칭 일반상품,,,생활/건강,생활용품,해충퇴치용품,에어졸/스프레이,https://shopping-phinf.pstatic.net/main_2402411/24024115525.jpg
116,116,3,37,초파리,4290,17200,80571843610,홈가드 에프킬라 에어졸 모기 파리 유충 거미 개미 날파리 초파리 해충 살충제 스프레이 퇴치제거제 살충약 해충약,2800,0,비엔제이툴,일반상품,가격비교 비매칭 일반상품,,,생활/건강,생활용품,해충퇴치용품,에어졸/스프레이,https://shopping-phinf.pstatic.net/main_8057184/80571843610.jpg
117,117,3,38,초파리,4290,17200,23993363405,리빙굿 리빙굿 초파리트랩,1710,0,제로투세븐닷컴,일반상품,가격비교 비매칭 일반상품,리빙굿,,생활/건강,생활용품,해충퇴치용품,에어졸/스프레이,https://shopping-phinf.pstatic.net/main_2399336/23993363405.jpg
118,118,3,39,초파리,4290,17200,80448950594,페스트세븐 초파리 트랩 퇴치 없애는법 없애는방법 박멸,12400,0,페스트코,일반상품,가격비교 비매칭 일반상품,,,생활/건강,생활용품,해충퇴치용품,에어졸/스프레이,https://shopping-phinf.pstatic.net/main_8044895/80448950594.1.jpg
119,119,3,40,초파리,4290,17200,14654425119,진드기싹 좀벌레싹 초파리싹 옷장서랍장시트타입 분사,3290,0,옥션,일반상품,가격비교 비매칭 일반상품,,,생활/건강,생활용품,해충퇴치용품,에어졸/스프레이,https://shopping-phinf.pstatic.net/main_1465442/14654425119.jpg
120,120,4,1,초파리,4290,17200,19132485911,"DBK 킬파프 에프 에어졸 모기살충제 420mlx2 /모기향,초파리,과일파리,파리,바퀴",7900,0,11번가,일반상품,가격비교 비매칭 일반상품,킬파프,디비케이,생활/건강,생활용품,해충퇴치용품,에어졸/스프레이,https://shopping-phinf.pstatic.net/main_1913248/19132485911.24.jpg
121,121,4,2,초파리,4290,17200,24123416801,일양약품 초파리 스프레이 300ml,5500,0,쿠팡,일반상품,가격비교 비매칭 일반상품,일양약품,,생활/건강,생활용품,해충퇴치용품,에어졸/스프레이,https://shopping-phinf.pstatic.net/main_2412341/24123416801.jpg
122,122,4,3,초파리,4290,17200,17698705296,날파리 퇴치제 살충제 파리약 날파리퇴치 용품,4980,0,G마켓,일반상품,가격비교 비매칭 일반상품,,,생활/건강,생활용품,해충퇴치용품,에어졸/스프레이,https://shopping-phinf.pstatic.net/main_1769870/17698705296.jpg
123,123,4,4,초파리,4290,17200,82472692966,홈키파 에어졸 무향 오렌지향 네츄럴 허브향 초파리싹 스프레이 모음전,4480,0,미미하우스코리아,일반상품,가격비교 비매칭 일반상품,홈키파,태양,생활/건강,생활용품,해충퇴치용품,에어졸/스프레이,https://shopping-phinf.pstatic.net/main_8247269/82472692966.jpg
124,124,4,5,초파리,4290,17200,14439784319,코바에가 호이호이 2개입 초파리 및 여름벌레 퇴치,20000,0,옥션,일반상품,가격비교 비매칭 일반상품,,,생활/건강,생활용품,해충퇴치용품,에어졸/스프레이,https://shopping-phinf.pstatic.net/main_1443978/14439784319.jpg
125,125,4,6,초파리,4290,17200,82338155849,화랑곡나비트랩 뿌리파리 나방파리퇴치 날파리트랩 포충등 전기모기향,14000,0,춘추전국구,일반상품,가격비교 비매칭 일반상품,,,생활/건강,생활용품,해충퇴치용품,에어졸/스프레이,https://shopping-phinf.pstatic.net/main_8233815/82338155849.1.jpg
126,126,4,7,초파리,4290,17200,21378753890,[행필품] 해피홈 진드기+초파리 스프레이 2입 + 진드기 / 바퀴약 개미약,10600,0,11번가,일반상품,가격비교 비매칭 일반상품,해피홈,,생활/건강,생활용품,해충퇴치용품,에어졸/스프레이,https://shopping-phinf.pstatic.net/main_2137875/21378753890.4.jpg
127,127,4,8,초파리,4290,17200,23883870215,해피홈 해피홈 초파리제로 스프레이 290ml x2개,12650,0,G9,일반상품,가격비교 비매칭 일반상품,해피홈,,생활/건강,생활용품,해충퇴치용품,에어졸/스프레이,https://shopping-phinf.pstatic.net/main_2388387/23883870215.jpg
128,128,4,9,초파리,4290,17200,8642943400,싸이퍼킬유제 노래기 노래기약 노래기퇴치 모기 파리 살충제 날파리퇴치법,19400,0,제이큐,일반상품,가격비교 비매칭 일반상품,,국보싸이언스,생활/건강,생활용품,해충퇴치용품,에어졸/스프레이,https://shopping-phinf.pstatic.net/main_8642943/8642943400.3.jpg
129,129,4,10,초파리,4290,17200,24101384657,킬파프 플라이케쳐 초파리트랩 15ml 초파리퇴치 ed01,5250,0,옥션,일반상품,가격비교 비매칭 일반상품,,,생활/건강,생활용품,해충퇴치용품,에어졸/스프레이,https://shopping-phinf.pstatic.net/main_2410138/24101384657.jpg
130,130,4,11,초파리,4290,17200,14451992403,영국 초파리 해충퇴치 날파리 무독성 페르몬 트랩 1개,1970,0,옥션,일반상품,가격비교 비매칭 일반상품,,,생활/건강,생활용품,해충퇴치용품,에어졸/스프레이,https://shopping-phinf.pstatic.net/main_1445199/14451992403.3.jpg
131,131,4,12,초파리,4290,17200,24230498213,초파리스프레이 - 어디에든 간편하게 뿌리기만 하면 끝!,13900,0,에어파,일반상품,가격비교 비매칭 일반상품,,,생활/건강,생활용품,해충퇴치용품,에어졸/스프레이,https://shopping-phinf.pstatic.net/main_2423049/24230498213.jpg
132,132,4,13,초파리,4290,17200,24197592433,해피홈 초파리제로 스프레이290ml x2개,14140,0,GSSHOP,일반상품,가격비교 비매칭 일반상품,,,생활/건강,생활용품,해충퇴치용품,에어졸/스프레이,https://shopping-phinf.pstatic.net/main_2419759/24197592433.jpg
133,133,4,14,초파리,4290,17200,24131834437,리빙굿 초파리트랩 과일 날파리 유인제 해충퇴치,1500,0,G마켓,일반상품,가격비교 비매칭 일반상품,,,생활/건강,생활용품,해충퇴치용품,에어졸/스프레이,https://shopping-phinf.pstatic.net/main_2413183/24131834437.jpg
134,134,4,15,초파리,4290,17200,23811771277,해피홈 해피홈 초파리제로 스프레이 290ml x2개,13760,0,G마켓,일반상품,가격비교 비매칭 일반상품,해피홈,,생활/건강,생활용품,해충퇴치용품,에어졸/스프레이,https://shopping-phinf.pstatic.net/main_2381177/23811771277.jpg
135,135,4,16,초파리,4290,17200,82612081825,해피홈 초파리 제로 스프레이 290ml,4340,0,TNS아기맘,일반상품,가격비교 비매칭 일반상품,해피홈,지에스캠,생활/건강,생활용품,해충퇴치용품,에어졸/스프레이,https://shopping-phinf.pstatic.net/main_8261208/82612081825.jpg
136,136,4,17,초파리,4290,17200,80448725448,날파리없애는법 초파리트랩 날파리퇴치 가정용해충퇴치기,10800,0,내홈,일반상품,가격비교 비매칭 일반상품,,디비케이,생활/건강,생활용품,해충퇴치용품,에어졸/스프레이,https://shopping-phinf.pstatic.net/main_8044872/80448725448.jpg
137,137,4,18,초파리,4290,17200,19031382735,쏠라버그킬러 (모기퇴치 해충 날파리 초파리 가정용),25000,0,옥션,일반상품,가격비교 비매칭 일반상품,,,생활/건강,생활용품,해충퇴치용품,에어졸/스프레이,https://shopping-phinf.pstatic.net/main_1903138/19031382735.jpg
138,138,4,19,초파리,4290,17200,82555303968,초파리 날파리 하루살이 퇴치 차단 제거기 트랩,3990,0,QueenZ,일반상품,가격비교 비매칭 일반상품,일양약품,일양약품,생활/건강,생활용품,해충퇴치용품,에어졸/스프레이,https://shopping-phinf.pstatic.net/main_8255530/82555303968.jpg
139,139,4,20,초파리,4290,17200,82515185988,집벌레퇴치 쓰레기통 침대 카페트 이불 초파리퇴치 진드기퇴치 스프레이,5300,0,어반골프 앤 라이프,일반상품,가격비교 비매칭 일반상품,해피홈,유한양행,생활/건강,생활용품,해충퇴치용품,에어졸/스프레이,https://shopping-phinf.pstatic.net/main_8251518/82515185988.jpg
140,140,4,21,초파리,4290,17200,21061716242,킬파프 초파리트랩 /과일파리 유인제/초파리약/살충제,5880,0,11번가,일반상품,가격비교 비매칭 일반상품,,,생활/건강,생활용품,해충퇴치용품,에어졸/스프레이,https://shopping-phinf.pstatic.net/main_2106171/21061716242.1.jpg
141,141,4,22,초파리,4290,17200,82042716618,비둘기 조류퇴치제 벌 기피제 퇴치약 쥐 퇴치법 개미없애는법 고양이퇴치법 모기 날파리퇴치법,13900,0,룸테크,일반상품,가격비교 비매칭 일반상품,노브랜드,,생활/건강,생활용품,해충퇴치용품,에어졸/스프레이,https://shopping-phinf.pstatic.net/main_8204271/82042716618.1.jpg
142,142,4,23,초파리,4290,17200,24131829327,리빙굿 초파리트랩 과일 날파리 유인제 해충퇴치,1590,0,옥션,일반상품,가격비교 비매칭 일반상품,,,생활/건강,생활용품,해충퇴치용품,에어졸/스프레이,https://shopping-phinf.pstatic.net/main_2413182/24131829327.jpg
143,143,4,24,초파리,4290,17200,11358974244,초파리트랩 발효효소성분함유,4900,0,새집몰,일반상품,가격비교 비매칭 일반상품,,,생활/건강,생활용품,해충퇴치용품,에어졸/스프레이,https://shopping-phinf.pstatic.net/main_1135897/11358974244.2.jpg
144,144,4,25,초파리,4290,17200,82498189169,날파리퇴치제 벌레 없애기 홈키파 초파리싹 제거 기피제 주방 화장실 식당,10650,0,유투데이,일반상품,가격비교 비매칭 일반상품,,유한양행,생활/건강,생활용품,해충퇴치용품,에어졸/스프레이,https://shopping-phinf.pstatic.net/main_8249818/82498189169.2.jpg
145,145,4,26,초파리,4290,17200,8743825652,엘앤엠 모기감옥행 급행열차(천연 모기/초파리퇴치제),4900,0,11번가,일반상품,가격비교 비매칭 일반상품,,,생활/건강,생활용품,해충퇴치용품,에어졸/스프레이,https://shopping-phinf.pstatic.net/main_8743825/8743825652.jpg
146,146,4,27,초파리,4290,17200,24172813452,[유한양행]해피홈 초파리제거 스프레이 2개,13860,0,GSSHOP,일반상품,가격비교 비매칭 일반상품,유한양행,지에스캠,생활/건강,생활용품,해충퇴치용품,에어졸/스프레이,https://shopping-phinf.pstatic.net/main_2417281/24172813452.jpg
147,147,4,28,초파리,4290,17200,82626626954,유한양행 초파리 싹 제거 스프레이 끈끈이 트랩 없이 화장실 하수구 쓰레기통 날파리 퇴치,7490,0,해로,일반상품,가격비교 비매칭 일반상품,해피홈,유한양행,생활/건강,생활용품,해충퇴치용품,에어졸/스프레이,https://shopping-phinf.pstatic.net/main_8262662/82626626954.jpg
148,148,4,29,초파리,4290,17200,11353626105,일양약품 스마트 초파리 유인제 트랩,4560,0,GSSHOP,일반상품,가격비교 비매칭 일반상품,,,생활/건강,생활용품,해충퇴치용품,에어졸/스프레이,https://shopping-phinf.pstatic.net/main_1135362/11353626105.jpg
149,149,4,30,초파리,4290,17200,82405105348,싸이퍼킬 유제 소독약(잔류성 살충제 노린재 초파리 돈벌레 연막 셀프방역 베드버그약),22500,0,에어퓨,일반상품,가격비교 비매칭 일반상품,,,생활/건강,생활용품,해충퇴치용품,에어졸/스프레이,https://shopping-phinf.pstatic.net/main_8240510/82405105348.jpg
150,150,4,31,초파리,4290,17200,82520317863,리빙굿 날파리 초파리트랩,2000,0,에이스쇼핑,일반상품,가격비교 비매칭 일반상품,,,생활/건강,생활용품,해충퇴치용품,에어졸/스프레이,https://shopping-phinf.pstatic.net/main_8252031/82520317863.jpg
151,151,4,32,초파리,4290,17200,82036927564,초파리트랩 날파리트랩,6900,0,벌레특공대,일반상품,가격비교 비매칭 일반상품,,,생활/건강,생활용품,해충퇴치용품,에어졸/스프레이,https://shopping-phinf.pstatic.net/main_8203692/82036927564.jpg
152,152,4,33,초파리,4290,17200,17698912852,먼지다듬이 좀벌레 지네 날파리 집안 벌레퇴치제 용품,9900,0,옥션,일반상품,가격비교 비매칭 일반상품,,,생활/건강,생활용품,해충퇴치용품,에어졸/스프레이,https://shopping-phinf.pstatic.net/main_1769891/17698912852.jpg
153,153,4,34,초파리,4290,17200,24300347563,무료배송 유한양행 해피홈 제로 초파리 스프레이 290ml x 2개,10910,0,11번가,일반상품,가격비교 비매칭 일반상품,,,생활/건강,생활용품,해충퇴치용품,에어졸/스프레이,https://shopping-phinf.pstatic.net/main_2430034/24300347563.jpg
154,154,4,35,초파리,4290,17200,24171854417,해피홈 초파리제로 스프레이 290ml x 2개,12070,0,CJmall,일반상품,가격비교 비매칭 일반상품,유한양행,지에스캠,생활/건강,생활용품,해충퇴치용품,에어졸/스프레이,https://shopping-phinf.pstatic.net/main_2417185/24171854417.jpg
155,155,4,36,초파리,4290,17200,18698772828,킬파프 초파리트랩 15ml/1개,4700,0,인터파크,일반상품,가격비교 비매칭 일반상품,킬파프,,생활/건강,생활용품,해충퇴치용품,에어졸/스프레이,https://shopping-phinf.pstatic.net/main_1869877/18698772828.jpg
156,156,4,37,초파리,4290,17200,9396485925,굿페스 더존맥스 파리 모기 날파리 지네 바퀴벌레약,18000,0,G마켓,일반상품,가격비교 비매칭 일반상품,,,생활/건강,생활용품,해충퇴치용품,에어졸/스프레이,https://shopping-phinf.pstatic.net/main_9396485/9396485925.1.jpg
157,157,4,38,초파리,4290,17200,82482270585,모기 유충 퇴치제 에프킬라 방역 뿌리는 모기약 파리 살충제 초파리 해충 기피제 화장실벌레,3500,0,The Styliahn,일반상품,가격비교 비매칭 일반상품,에프킬라,,생활/건강,생활용품,해충퇴치용품,에어졸/스프레이,https://shopping-phinf.pstatic.net/main_8248227/82482270585.jpg
158,158,4,39,초파리,4290,17200,24195870671,킬파프 초파리트랩15ml(2개)/초파리박멸/과일파리,10970,0,옥션,일반상품,가격비교 비매칭 일반상품,,,생활/건강,생활용품,해충퇴치용품,에어졸/스프레이,https://shopping-phinf.pstatic.net/main_2419587/24195870671.jpg
159,159,4,40,초파리,4290,17200,11653984732,킬파프 초파리트랩 2개 무독성 과일파리 날벌레 날파리 유인액 제거 퇴치,12500,0,가나월드팜,일반상품,가격비교 비매칭 일반상품,킬파프,디비케이,생활/건강,생활용품,해충퇴치용품,에어졸/스프레이,https://shopping-phinf.pstatic.net/main_1165398/11653984732.jpg
160,160,5,1,초파리,4290,17200,82098626431,가정용 해충 벌레퇴치기 모기트랩 휴대용 캠핑 날파리 모기잡는기계,12800,0,왓슈.,일반상품,가격비교 비매칭 일반상품,,,생활/건강,생활용품,해충퇴치용품,에어졸/스프레이,https://shopping-phinf.pstatic.net/main_8209862/82098626431.3.jpg
161,161,5,2,초파리,4290,17200,82620935069,초파리 트랩 파리 벌레 잡는 컵 끈끈이컵 모음전,1500,0,블루스파이더,일반상품,가격비교 비매칭 일반상품,,,생활/건강,생활용품,해충퇴치용품,에어졸/스프레이,https://shopping-phinf.pstatic.net/main_8262093/82620935069.jpg
162,162,5,3,초파리,4290,17200,24197902811,해피홈 초파리제로 스프레이290ml,8280,0,GSSHOP,일반상품,가격비교 비매칭 일반상품,,,생활/건강,생활용품,해충퇴치용품,에어졸/스프레이,https://shopping-phinf.pstatic.net/main_2419790/24197902811.jpg
163,163,5,4,초파리,4290,17200,82580923968,초파리 트랩 퇴치 싱크대 주방 과일 야채 음식물 쓰레기 통 날파리 제거 초파리 퇴치법,3820,0,원쇼핑,일반상품,가격비교 비매칭 일반상품,비엘코리아,비엘코리아,생활/건강,생활용품,해충퇴치용품,에어졸/스프레이,https://shopping-phinf.pstatic.net/main_8258092/82580923968.jpg
164,164,5,5,초파리,4290,17200,82660747953,날파리 퇴치법 초파리 싹 트랩 박멸 화장실 나방 끈끈이 하수구 주방 배수구 제거제,2490,0,아빠랑놀자,일반상품,가격비교 비매칭 일반상품,리빙굿,,생활/건강,생활용품,해충퇴치용품,에어졸/스프레이,https://shopping-phinf.pstatic.net/main_8266074/82660747953.jpg
165,165,5,6,초파리,4290,17200,82089877279,하루살이퇴치 화장실날파리 초파리 날벌레 해충 모기퇴치기 낚시 캠핑 휴대용,39900,0,착한장터,일반상품,가격비교 비매칭 일반상품,오르다,ORDA,생활/건강,생활용품,해충퇴치용품,에어졸/스프레이,https://shopping-phinf.pstatic.net/main_8208987/82089877279.jpg
166,166,5,7,초파리,4290,17200,18700386321,킬파프 초파리트랩 15ml/2개,13000,0,G마켓,일반상품,가격비교 비매칭 일반상품,,,생활/건강,생활용품,해충퇴치용품,에어졸/스프레이,https://shopping-phinf.pstatic.net/main_1870038/18700386321.jpg
167,167,5,8,초파리,4290,17200,23122350971,리빙굿 초파리 트랩 해충 날파리 퇴치 살충제,1960,0,11번가,일반상품,가격비교 비매칭 일반상품,,,생활/건강,생활용품,해충퇴치용품,에어졸/스프레이,https://shopping-phinf.pstatic.net/main_2312235/23122350971.jpg
168,168,5,9,초파리,4290,17200,82451937323,아로마 퍼퓸280ml 자동분사기별매 파리 모기 거미 날파리 하루살이 비행해충 모든해충제거,8000,0,조은약품,일반상품,가격비교 비매칭 일반상품,,,생활/건강,생활용품,해충퇴치용품,에어졸/스프레이,https://shopping-phinf.pstatic.net/main_8245193/82451937323.jpg
169,169,5,10,초파리,4290,17200,19423191019,킬파프 DBK 플라이케쳐 초파리트랩 15mlx3 살충제,17900,0,쿠팡,일반상품,가격비교 비매칭 일반상품,킬파프,,생활/건강,생활용품,해충퇴치용품,에어졸/스프레이,https://shopping-phinf.pstatic.net/main_1942319/19423191019.12.jpg
170,170,5,11,초파리,4290,17200,82606988916,홈키파 정원의비밀 500ml 날파리살충제 뿌리는모기약 모기잡는법 스프레이 천연모기퇴치제,8000,0,위클리,일반상품,가격비교 비매칭 일반상품,,,생활/건강,생활용품,해충퇴치용품,에어졸/스프레이,https://shopping-phinf.pstatic.net/main_8260698/82606988916.jpg
171,171,5,12,초파리,4290,17200,23583633691,해피홈 해피홈 초파리약 290mlX2개/ 초파리제로 바퀴벌레약,12570,0,G마켓,일반상품,가격비교 비매칭 일반상품,해피홈,,생활/건강,생활용품,해충퇴치용품,에어졸/스프레이,https://shopping-phinf.pstatic.net/main_2358363/23583633691.jpg
172,172,5,13,초파리,4290,17200,82455138419,퓨리어 이카리딘 모기기피제 아기모기퇴치제 빈대 옴진드기 먼지다듬이 초파리퇴치법 벌레퇴치,8000,0,로터스블랑,일반상품,가격비교 비매칭 일반상품,퓨리어,지투지,생활/건강,생활용품,해충퇴치용품,에어졸/스프레이,https://shopping-phinf.pstatic.net/main_8245513/82455138419.1.jpg
173,173,5,14,초파리,4290,17200,82628998536,날파리 트랩 초파리 퇴치법 모기학살 무드등 LED 다용도 조명 자취방 꾸미기,28600,0,모인마켓,일반상품,가격비교 비매칭 일반상품,,포커스,생활/건강,생활용품,해충퇴치용품,에어졸/스프레이,https://shopping-phinf.pstatic.net/main_8262899/82628998536.jpg
174,174,5,15,초파리,4290,17200,22778994037,킬파프 초파리트랩 1개 무독성 초파리퇴치 과일파리,5400,0,옥션,일반상품,가격비교 비매칭 일반상품,,,생활/건강,생활용품,해충퇴치용품,에어졸/스프레이,https://shopping-phinf.pstatic.net/main_2277899/22778994037.jpg
175,175,5,16,초파리,4290,17200,23779984778,나방파리 초파리 퇴치 페스트세븐 초파리트랩,9950,0,11번가,일반상품,가격비교 비매칭 일반상품,,,생활/건강,생활용품,해충퇴치용품,에어졸/스프레이,https://shopping-phinf.pstatic.net/main_2377998/23779984778.jpg
176,176,5,17,초파리,4290,17200,17786999237,코바에가 호이호이 2개입 초파리 및 여름벌레 퇴치,20440,0,G마켓,일반상품,가격비교 비매칭 일반상품,,,생활/건강,생활용품,해충퇴치용품,에어졸/스프레이,https://shopping-phinf.pstatic.net/main_1778699/17786999237.jpg
177,177,5,18,초파리,4290,17200,11893428079,벌레퇴치 영국방역회사인정 초파리 페로몬 삼각트랩(1개입),1980,0,11번가,일반상품,가격비교 비매칭 일반상품,,,생활/건강,생활용품,해충퇴치용품,에어졸/스프레이,https://shopping-phinf.pstatic.net/main_1189342/11893428079.1.jpg
178,178,5,19,초파리,4290,17200,82378028044,비오델타유제 1L 방역제 훈증소독용(날파리 권연벌레물림 노린재 집거미 먼지다듬이),28900,0,에어퓨,일반상품,가격비교 비매칭 일반상품,,,생활/건강,생활용품,해충퇴치용품,에어졸/스프레이,https://shopping-phinf.pstatic.net/main_8237802/82378028044.jpg
179,179,5,20,초파리,4290,17200,82629094003,초파리 싹 잡는 해피홈 초파리제로 스프레이 290ml,6500,0,링크스미스,일반상품,가격비교 비매칭 일반상품,해피홈,지에스캠,생활/건강,생활용품,해충퇴치용품,에어졸/스프레이,https://shopping-phinf.pstatic.net/main_8262909/82629094003.jpg
180,180,5,21,초파리,4290,17200,82586232483,초파리퇴치법 날파리 해충 벌레 퇴치법 잡는법 초파리제로 무향 스프레이,5900,0,더피망,일반상품,가격비교 비매칭 일반상품,해피홈,유한양행,생활/건강,생활용품,해충퇴치용품,에어졸/스프레이,https://shopping-phinf.pstatic.net/main_8258623/82586232483.jpg
181,181,5,22,초파리,4290,17200,82537977271,날파리살충제 초파리 천연벌레퇴치 벌레 약 제거제 퇴치제 살충제,7400,0,비전2020,일반상품,가격비교 비매칭 일반상품,헨켈,헨켈,생활/건강,생활용품,해충퇴치용품,에어졸/스프레이,https://shopping-phinf.pstatic.net/main_8253797/82537977271.jpg
182,182,5,23,초파리,4290,17200,22583506850,킬파프 초파리트랩 15ml/1개/초파리박멸/과일파리,5690,0,옥션,일반상품,가격비교 비매칭 일반상품,,,생활/건강,생활용품,해충퇴치용품,에어졸/스프레이,https://shopping-phinf.pstatic.net/main_2258350/22583506850.1.jpg
183,183,5,24,초파리,4290,17200,18466055807,킬파프 킬파프 초파리트랩 1개/무독성/초파리/과일파리,5200,0,옥션,일반상품,가격비교 비매칭 일반상품,킬파프,,생활/건강,생활용품,해충퇴치용품,에어졸/스프레이,https://shopping-phinf.pstatic.net/main_1846605/18466055807.1.jpg
184,184,5,25,초파리,4290,17200,82577843932,[유한양행] 해피홈 진드기+초파리 스프레이 2입 기획,6900,0,SYMPHONY,일반상품,가격비교 비매칭 일반상품,해피홈,유한양행,생활/건강,생활용품,해충퇴치용품,에어졸/스프레이,https://shopping-phinf.pstatic.net/main_8257784/82577843932.jpg
185,185,5,26,초파리,4290,17200,23577137499,스마트 초파리트랩(유인제+용기)- 5개/초파리스프레이,21900,0,11번가,일반상품,가격비교 비매칭 일반상품,일양약품,,생활/건강,생활용품,해충퇴치용품,에어졸/스프레이,https://shopping-phinf.pstatic.net/main_2357713/23577137499.jpg
186,186,5,27,초파리,4290,17200,82536475512,엠디디지탈 MD 초파리트랩LED MK1 화이트,12900,0,우체국택배,일반상품,가격비교 비매칭 일반상품,,,생활/건강,생활용품,해충퇴치용품,에어졸/스프레이,https://shopping-phinf.pstatic.net/main_8253647/82536475512.jpg
187,187,5,28,초파리,4290,17200,20385534124,코바에가 호이호이 2개입 / 초파리 및 여름벌레 퇴치,9130,0,인터파크,일반상품,가격비교 비매칭 일반상품,,,생활/건강,생활용품,해충퇴치용품,에어졸/스프레이,https://shopping-phinf.pstatic.net/main_2038553/20385534124.jpg
188,188,5,29,초파리,4290,17200,82177811709,벅스올킬 500ml 거미 빈대 벼룩 날파리 해충약 간편 분무 스프레이 벌레 퇴치,7900,0,벌레제로,일반상품,가격비교 비매칭 일반상품,,케이팜,생활/건강,생활용품,해충퇴치용품,에어졸/스프레이,https://shopping-phinf.pstatic.net/main_8217781/82177811709.jpg
189,189,5,30,초파리,4290,17200,82586925240,무독성 천연 피톤치드 모기 날파리 초파리 진드기 퇴치제 퇴치법 380ml 500ml,18200,0,Becanz,일반상품,가격비교 비매칭 일반상품,닥터피톤,,생활/건강,생활용품,해충퇴치용품,에어졸/스프레이,https://shopping-phinf.pstatic.net/main_8258692/82586925240.jpg
190,190,5,31,초파리,4290,17200,23629331029,한국dbk 단일 상품 [한국DBK] 킬파프 초파리 트랩 15ml x2개,14700,0,티몬,일반상품,가격비교 비매칭 일반상품,,,생활/건강,생활용품,해충퇴치용품,에어졸/스프레이,https://shopping-phinf.pstatic.net/main_2362933/23629331029.jpg
191,191,5,32,초파리,4290,17200,82599934543,어라운드 천연모기기피제 만들기 퇴치제 몸에뿌리는 날파리 임산부 초파리 계피 낚시,7700,0,약사레시피,일반상품,가격비교 비매칭 일반상품,,,생활/건강,생활용품,해충퇴치용품,에어졸/스프레이,https://shopping-phinf.pstatic.net/main_8259993/82599934543.jpg
192,192,5,33,초파리,4290,17200,4144149536,뉴파워킬/날파리/파리약/바퀴벌레약/살충제,19610,0,옥션,일반상품,가격비교 비매칭 일반상품,,,생활/건강,생활용품,해충퇴치용품,에어졸/스프레이,https://shopping-phinf.pstatic.net/main_4144149/4144149536.2.jpg
193,193,5,34,초파리,4290,17200,82157735639,파리 모기 진드기 바퀴 방역 살충제 클린에스1리터 5배강력 유제 초파리 분무 연막 연무,35000,0,해충제로,일반상품,가격비교 비매칭 일반상품,크린에스,,생활/건강,생활용품,해충퇴치용품,에어졸/스프레이,https://shopping-phinf.pstatic.net/main_8215773/82157735639.2.jpg
194,194,5,35,초파리,4290,17200,82640370572,비오델타 1리터 유제 강력 대용량 살충제 모기 파리 날파리 나방 지네 각종 해충 유충 벌레약,29000,0,벅스퇴치,일반상품,가격비교 비매칭 일반상품,,,생활/건강,생활용품,해충퇴치용품,에어졸/스프레이,https://shopping-phinf.pstatic.net/main_8264037/82640370572.jpg
195,195,5,36,초파리,4290,17200,22937967007,일양약품 스마트 초파리 유인제 트랩,4560,0,롯데ON,일반상품,가격비교 비매칭 일반상품,일양약품,,생활/건강,생활용품,해충퇴치용품,에어졸/스프레이,https://shopping-phinf.pstatic.net/main_2293796/22937967007.1.jpg
196,196,5,37,초파리,4290,17200,22718965738,킬파프 초파리트랩 2개 무독성 초파리퇴치 과일파리,11570,0,G마켓,일반상품,가격비교 비매칭 일반상품,,,생활/건강,생활용품,해충퇴치용품,에어졸/스프레이,https://shopping-phinf.pstatic.net/main_2271896/22718965738.jpg
197,197,5,38,초파리,4290,17200,22865097549,일양약품 스마트홈 초파리트랩 3개(유인제+용기),14800,0,쿠팡,일반상품,가격비교 비매칭 일반상품,일양약품,,생활/건강,생활용품,해충퇴치용품,에어졸/스프레이,https://shopping-phinf.pstatic.net/main_2286509/22865097549.jpg
198,198,5,39,초파리,4290,17200,21997800976,한국dbk [한국DBK] 킬파프 초파리 트랩 15ml x2개 건강식품,14700,0,티몬,일반상품,가격비교 비매칭 일반상품,,,생활/건강,생활용품,해충퇴치용품,에어졸/스프레이,https://shopping-phinf.pstatic.net/main_2199780/21997800976.jpg
199,199,5,40,초파리,4290,17200,18700384502,킬파프 초파리트랩 15ml/2개,13000,0,옥션,일반상품,가격비교 비매칭 일반상품,,,생활/건강,생활용품,해충퇴치용품,에어졸/스프레이,https://shopping-phinf.pstatic.net/main_1870038/18700384502.jpg
200,200,6,1,초파리,4290,17200,14437872986,코바에가 호이호이 2개입 초파리 및 여름벌레 퇴치,20200,0,G마켓,일반상품,가격비교 비매칭 일반상품,,,생활/건강,생활용품,해충퇴치용품,에어졸/스프레이,https://shopping-phinf.pstatic.net/main_1443787/14437872986.jpg
201,201,6,2,초파리,4290,17200,82511546983,날파리 초파리 퇴치법 초파리싹 제거 퇴치제 약,9360,0,내손안에 포켓샵,일반상품,가격비교 비매칭 일반상품,,,생활/건강,생활용품,해충퇴치용품,에어졸/스프레이,https://shopping-phinf.pstatic.net/main_8251154/82511546983.jpg
202,202,6,3,초파리,4290,17200,82581706064,[1+1행사]삼공 노발루론 정제 200g / 모기퇴치제 모기약 파리 날파리 나방 유충,34900,0,버그스트라이커-ch컴퍼니,일반상품,가격비교 비매칭 일반상품,,,생활/건강,생활용품,해충퇴치용품,에어졸/스프레이,https://shopping-phinf.pstatic.net/main_8258170/82581706064.jpg
203,203,6,4,초파리,4290,17200,11975353856,초파리 퇴치제/날파리 파리약 집파리 음식물,9900,0,미소팜,일반상품,가격비교 비매칭 일반상품,일양약품,,생활/건강,생활용품,해충퇴치용품,에어졸/스프레이,https://shopping-phinf.pstatic.net/main_1197535/11975353856.jpg
204,204,6,5,초파리,4290,17200,14711874923,일양약품 스마트 초파리 유인제 트랩,4655,0,이마트몰,일반상품,가격비교 비매칭 일반상품,일양약품,,생활/건강,생활용품,해충퇴치용품,에어졸/스프레이,https://shopping-phinf.pstatic.net/main_1471187/14711874923.jpg
205,205,6,6,초파리,4290,17200,9925106980,일양약품 초파리 퇴치제-2개/음식물쓰레기 날파리 집파리,11500,0,옥션,일반상품,가격비교 비매칭 일반상품,일양약품,,생활/건강,생활용품,해충퇴치용품,에어졸/스프레이,https://shopping-phinf.pstatic.net/main_9925106/9925106980.1.jpg
206,206,6,7,초파리,4290,17200,19423234486,킬파프 DBK 플라이케쳐 초파리트랩 15mlx4 살충제,21900,0,쿠팡,일반상품,가격비교 비매칭 일반상품,킬파프,,생활/건강,생활용품,해충퇴치용품,에어졸/스프레이,https://shopping-phinf.pstatic.net/main_1942323/19423234486.jpg
207,207,6,8,초파리,4290,17200,20612326661,[다이소몰]DBK 킬파프플라이케쳐 초파리트랩 15mlx4,22900,0,인터파크,일반상품,가격비교 비매칭 일반상품,,,생활/건강,생활용품,해충퇴치용품,에어졸/스프레이,https://shopping-phinf.pstatic.net/main_2061232/20612326661.1.jpg
208,208,6,9,초파리,4290,17200,82160181560,파리 모기 해충 잡스올킬스마트유제1리터 진드기 거미 빈대 지네 벼룩 날파리 방역 살충제,29000,0,해충제로,일반상품,가격비교 비매칭 일반상품,,팜클,생활/건강,생활용품,해충퇴치용품,에어졸/스프레이,https://shopping-phinf.pstatic.net/main_8216018/82160181560.jpg
209,209,6,10,초파리,4290,17200,17607331857,먼지다듬이 좀벌레 지네 거미 옴진드기 각종 날파리 벌레 퇴치제 용품,8820,0,11번가,일반상품,가격비교 비매칭 일반상품,,,생활/건강,생활용품,해충퇴치용품,에어졸/스프레이,https://shopping-phinf.pstatic.net/main_1760733/17607331857.jpg
210,210,6,11,초파리,4290,17200,10200402433,스마트 초파리트랩 날파리 초파리퇴치,3350,0,11번가,일반상품,가격비교 비매칭 일반상품,,,생활/건강,생활용품,해충퇴치용품,에어졸/스프레이,https://shopping-phinf.pstatic.net/main_1020040/10200402433.jpg
211,211,6,12,초파리,4290,17200,17698729253,날파리 퇴치제 살충제 파리약 날파리퇴치 용품,4980,0,옥션,일반상품,가격비교 비매칭 일반상품,,,생활/건강,생활용품,해충퇴치용품,에어졸/스프레이,https://shopping-phinf.pstatic.net/main_1769872/17698729253.jpg
212,212,6,13,초파리,4290,17200,18466036400,킬파프 킬파프 초파리트랩 2개/무독성/초파리/과일파리,13000,0,옥션,일반상품,가격비교 비매칭 일반상품,킬파프,,생활/건강,생활용품,해충퇴치용품,에어졸/스프레이,https://shopping-phinf.pstatic.net/main_1846603/18466036400.1.jpg
213,213,6,14,초파리,4290,17200,18465678520,킬파프 초파리트랩 1개/무독성/초파리/과일파리,4680,0,11번가,일반상품,가격비교 비매칭 일반상품,킬파프,,생활/건강,생활용품,해충퇴치용품,에어졸/스프레이,https://shopping-phinf.pstatic.net/main_1846567/18465678520.1.jpg
214,214,6,15,초파리,4290,17200,23195086311,무로 벅스제로 1개 : 50ml 바퀴벌레/좀벌레/날모기/초파리,9900,0,WBSKIN,일반상품,가격비교 비매칭 일반상품,,,생활/건강,생활용품,해충퇴치용품,에어졸/스프레이,https://shopping-phinf.pstatic.net/main_2319508/23195086311.jpg
215,215,6,16,초파리,4290,17200,24116652254,아스 코바에가 호이호이 고체형 초파리 살충제,16000,0,G마켓,일반상품,가격비교 비매칭 일반상품,,,생활/건강,생활용품,해충퇴치용품,에어졸/스프레이,https://shopping-phinf.pstatic.net/main_2411665/24116652254.jpg
216,216,6,17,초파리,4290,17200,82535521793,유한양행 날벌레 날파리 초파리 제거 스프레이 290ml 무향 허니랩스,8400,0,허니랩스,일반상품,가격비교 비매칭 일반상품,,지에스캠,생활/건강,생활용품,해충퇴치용품,에어졸/스프레이,https://shopping-phinf.pstatic.net/main_8253552/82535521793.jpg
217,217,6,18,초파리,4290,17200,23244548812,리빙굿 초파리트랩 과일파리 유인제 해충퇴치,1580,0,G마켓,일반상품,가격비교 비매칭 일반상품,,,생활/건강,생활용품,해충퇴치용품,에어졸/스프레이,https://shopping-phinf.pstatic.net/main_2324454/23244548812.jpg
218,218,6,19,초파리,4290,17200,24012802380,해충퇴치제 아로마퍼퓸280ml 10개 나방 날파리 모기,78210,0,옥션,일반상품,가격비교 비매칭 일반상품,,,생활/건강,생활용품,해충퇴치용품,에어졸/스프레이,https://shopping-phinf.pstatic.net/main_2401280/24012802380.jpg
219,219,6,20,초파리,4290,17200,82515442057,해피홈 초파리 제로 스프레이290ml,4800,0,만물의신,일반상품,가격비교 비매칭 일반상품,유한양행,유한양행,생활/건강,생활용품,해충퇴치용품,에어졸/스프레이,https://shopping-phinf.pstatic.net/main_8251544/82515442057.jpg
220,220,6,21,초파리,4290,17200,23213472484,리빙굿 초파리 트랩,2000,0,쿠팡,일반상품,가격비교 비매칭 일반상품,리빙굿,,생활/건강,생활용품,해충퇴치용품,에어졸/스프레이,https://shopping-phinf.pstatic.net/main_2321347/23213472484.jpg
221,221,6,22,초파리,4290,17200,82644585666,초파리 트랩 날파리 퇴치법 하수구 집안 과일,1700,0,서브무역,일반상품,가격비교 비매칭 일반상품,,,생활/건강,생활용품,해충퇴치용품,에어졸/스프레이,https://shopping-phinf.pstatic.net/main_8264458/82644585666.jpg
222,222,6,23,초파리,4290,17200,82055874327,보령제약 모기 날파리 퇴치제 로하스키퍼 네츄럴오렌지,4450,0,방역마트,일반상품,가격비교 비매칭 일반상품,,,생활/건강,생활용품,해충퇴치용품,에어졸/스프레이,https://shopping-phinf.pstatic.net/main_8205587/82055874327.jpg
223,223,6,24,초파리,4290,17200,81632332012,초파리 초파리트랩 초파리 퇴치 초파리 끈끈이 트랩 (1개입),1980,0,bokinibio,일반상품,가격비교 비매칭 일반상품,,,생활/건강,생활용품,해충퇴치용품,에어졸/스프레이,https://shopping-phinf.pstatic.net/main_8163233/81632332012.2.jpg
224,224,6,25,초파리,4290,17200,82451935060,아로마 퍼퓸280ml 10+1 분사기별매 파리 모기 날파리 하루살이 비행해충 모든해충제거,80000,0,조은약품,일반상품,가격비교 비매칭 일반상품,,,생활/건강,생활용품,해충퇴치용품,에어졸/스프레이,https://shopping-phinf.pstatic.net/main_8245193/82451935060.jpg
225,225,6,26,초파리,4290,17200,23748965389,에프킬라 무향 500ml 내추럴 플래시 연막소독 뿌리는 날파리 살충제 모기향 벌레기피제,5600,0,리빙스마트,일반상품,가격비교 비매칭 일반상품,,지에스캠,생활/건강,생활용품,해충퇴치용품,에어졸/스프레이,https://shopping-phinf.pstatic.net/main_2374896/23748965389.jpg
226,226,6,27,초파리,4290,17200,17786800233,코바에가 호이호이 2개입 초파리 및 여름벌레 퇴치,20920,0,인터파크,일반상품,가격비교 비매칭 일반상품,,,생활/건강,생활용품,해충퇴치용품,에어졸/스프레이,https://shopping-phinf.pstatic.net/main_1778680/17786800233.jpg
227,227,6,28,초파리,4290,17200,80497885171,홈키파 수성에어졸 무향 초파리 모기 퇴치 스프레이 에프킬라,6600,0,더가까움,일반상품,가격비교 비매칭 일반상품,홈키파,,생활/건강,생활용품,해충퇴치용품,에어졸/스프레이,https://shopping-phinf.pstatic.net/main_8049788/80497885171.jpg
228,228,6,29,초파리,4290,17200,11374242550,일양약품 스마트 초파리 유인제 트랩,4423,0,SSG닷컴,일반상품,가격비교 비매칭 일반상품,일양약품,,생활/건강,생활용품,해충퇴치용품,에어졸/스프레이,https://shopping-phinf.pstatic.net/main_1137424/11374242550.jpg
229,229,6,30,초파리,4290,17200,11374232980,일양약품 스마트 초파리 유인제 트랩,4655,0,신세계몰,일반상품,가격비교 비매칭 일반상품,일양약품,,생활/건강,생활용품,해충퇴치용품,에어졸/스프레이,https://shopping-phinf.pstatic.net/main_1137423/11374232980.jpg
230,230,6,31,초파리,4290,17200,23583399869,해피홈 해피홈 초파리약 290mlX2개/ 초파리제로 바퀴벌레약,12580,0,옥션,일반상품,가격비교 비매칭 일반상품,해피홈,,생활/건강,생활용품,해충퇴치용품,에어졸/스프레이,https://shopping-phinf.pstatic.net/main_2358339/23583399869.jpg
231,231,6,32,초파리,4290,17200,82564463736,유한양행 해피홈 초파리제로 스프레이 290ml 초파리약,4900,0,다르마,일반상품,가격비교 비매칭 일반상품,,,생활/건강,생활용품,해충퇴치용품,에어졸/스프레이,https://shopping-phinf.pstatic.net/main_8256446/82564463736.jpg
232,232,6,33,초파리,4290,17200,22718811801,킬파프 초파리트랩 3개 무독성 초파리퇴치 과일파리,16260,0,G마켓,일반상품,가격비교 비매칭 일반상품,,,생활/건강,생활용품,해충퇴치용품,에어졸/스프레이,https://shopping-phinf.pstatic.net/main_2271881/22718811801.jpg
233,233,6,34,초파리,4290,17200,82520361887,초파리 날파리트랩 1개,2000,0,Ace리빙,일반상품,가격비교 비매칭 일반상품,,,생활/건강,생활용품,해충퇴치용품,에어졸/스프레이,https://shopping-phinf.pstatic.net/main_8252036/82520361887.jpg
234,234,6,35,초파리,4290,17200,82525546074,날파리퇴치법 초파리크랩 끈끈이 까페 음식점 실내용 포충기 아파트 베란다 뿌리파리,55000,0,꿈과나무,일반상품,가격비교 비매칭 일반상품,스카이원,이레그린,생활/건강,생활용품,해충퇴치용품,에어졸/스프레이,https://shopping-phinf.pstatic.net/main_8252554/82525546074.jpg
235,235,6,36,초파리,4290,17200,19320018975,유한양행 초파리 약 초파리제로 스프레이 진드기 진드기제로,11460,0,옥션,일반상품,가격비교 비매칭 일반상품,유한양행,,생활/건강,생활용품,해충퇴치용품,에어졸/스프레이,https://shopping-phinf.pstatic.net/main_1932001/19320018975.1.jpg
236,236,6,37,초파리,4290,17200,82659328143,화분날파리 나무날파리 제거 싹스리충 500ml 초파리 사람 동물에게 무해,15800,0,May20,일반상품,가격비교 비매칭 일반상품,,오공,생활/건강,생활용품,해충퇴치용품,에어졸/스프레이,https://shopping-phinf.pstatic.net/main_8265932/82659328143.jpg
237,237,6,38,초파리,4290,17200,24130670201,홈키파 초파리싹,44980,0,쿠팡,일반상품,가격비교 비매칭 일반상품,홈키파,,생활/건강,생활용품,해충퇴치용품,에어졸/스프레이,https://shopping-phinf.pstatic.net/main_2413067/24130670201.jpg
238,238,6,39,초파리,4290,17200,24300350410,유한양행 해피홈 제로 초파리 스프레이 290ml x 2개,8810,0,11번가,일반상품,가격비교 비매칭 일반상품,,,생활/건강,생활용품,해충퇴치용품,에어졸/스프레이,https://shopping-phinf.pstatic.net/main_2430035/24300350410.jpg
239,239,6,40,초파리,4290,17200,82632959188,초파리 트랩 날파리 나방 파리 퇴치 벌레 해충 박멸 유인제 퇴치법,1600,0,낭만 탐구소,일반상품,가격비교 비매칭 일반상품,,,생활/건강,생활용품,해충퇴치용품,에어졸/스프레이,https://shopping-phinf.pstatic.net/main_8263295/82632959188.jpg
240,240,7,1,초파리,4290,17200,82639795818,[에스디상회] 해피홈 진드기 초파리 제로 스프레이 290ml 무향 주방 쓰레기통 음식물,8900,0,에스디상회,일반상품,가격비교 비매칭 일반상품,,유한양행,생활/건강,생활용품,해충퇴치용품,에어졸/스프레이,https://shopping-phinf.pstatic.net/main_8263979/82639795818.jpg
241,241,7,2,초파리,4290,17200,24123105210,일양약품 초파리 퇴치제로 스프레이 300ml,5500,0,코지맘,일반상품,가격비교 비매칭 일반상품,일양약품,일양약품,생활/건강,생활용품,해충퇴치용품,에어졸/스프레이,https://shopping-phinf.pstatic.net/main_2412310/24123105210.jpg
242,242,7,3,초파리,4290,17200,82128051147,날파리 파리 나방 모기 에코내츄럴 에코존 벅스존 에스존 10개 하루살이 퇴치 제거 제 약,89000,0,해충제로,일반상품,가격비교 비매칭 일반상품,에어로솔,,생활/건강,생활용품,해충퇴치용품,에어졸/스프레이,https://shopping-phinf.pstatic.net/main_8212805/82128051147.jpg
243,243,7,4,초파리,4290,17200,82055419417,엠트랩골드 초파리트랩 날파리퇴치법 날파리트랩,55000,0,제이큐,일반상품,가격비교 비매칭 일반상품,스카이원,이레그린,생활/건강,생활용품,해충퇴치용품,에어졸/스프레이,https://shopping-phinf.pstatic.net/main_8205541/82055419417.jpg
244,244,7,5,초파리,4290,17200,82622549452,유한양행 여름철 음식쓰레기 초파리퇴치법 초파리제로 스프레이,8450,0,아기띠유아킥보드 복단지샵,일반상품,가격비교 비매칭 일반상품,,유한양행,생활/건강,생활용품,해충퇴치용품,에어졸/스프레이,https://shopping-phinf.pstatic.net/main_8262254/82622549452.jpg
245,245,7,6,초파리,4290,17200,82621873945,퓨리어 아웃도어가드프로 천연모기퇴치제 아기모기기피제 빈대 옴진드기 먼지다듬이 초파리퇴치법,4200,0,위플로우,일반상품,가격비교 비매칭 일반상품,퓨리어,지투지,생활/건강,생활용품,해충퇴치용품,에어졸/스프레이,https://shopping-phinf.pstatic.net/main_8262187/82621873945.jpg
246,246,7,7,초파리,4290,17200,82624540849,해피홈 초파리 제로 스프레이 290ml,5500,0,gy 커머스,일반상품,가격비교 비매칭 일반상품,해피홈,유한양행,생활/건강,생활용품,해충퇴치용품,에어졸/스프레이,https://shopping-phinf.pstatic.net/main_8262454/82624540849.jpg
247,247,7,8,초파리,4290,17200,24149546880,해피홈 해피홈 초파리제로 스프레이 290ml,5130,0,G마켓,일반상품,가격비교 비매칭 일반상품,해피홈,,생활/건강,생활용품,해충퇴치용품,에어졸/스프레이,https://shopping-phinf.pstatic.net/main_2414954/24149546880.jpg
248,248,7,9,초파리,4290,17200,82621533324,천연 제충국 초파리 퇴치제 에어졸디 스프레이 500ml,6000,0,모리야 하우스,일반상품,가격비교 비매칭 일반상품,,,생활/건강,생활용품,해충퇴치용품,에어졸/스프레이,https://shopping-phinf.pstatic.net/main_8262153/82621533324.jpg
249,249,7,10,초파리,4290,17200,82612197128,유한 해피홈 초파리 290ml,6580,0,달려라꾸꾸,일반상품,가격비교 비매칭 일반상품,,,생활/건강,생활용품,해충퇴치용품,에어졸/스프레이,https://shopping-phinf.pstatic.net/main_8261219/82612197128.jpg
250,250,7,11,초파리,4290,17200,23245568012,리빙굿 초파리 트랩 / 날파리 해충 퇴치 유인제,1580,0,옥션,일반상품,가격비교 비매칭 일반상품,,,생활/건강,생활용품,해충퇴치용품,에어졸/스프레이,https://shopping-phinf.pstatic.net/main_2324556/23245568012.jpg
251,251,7,12,초파리,4290,17200,82415755021,일양 스마트 초파리 트랩,3190,0,smilemarket,일반상품,가격비교 비매칭 일반상품,,,생활/건강,생활용품,해충퇴치용품,에어졸/스프레이,https://shopping-phinf.pstatic.net/main_8241575/82415755021.jpg
252,252,7,13,초파리,4290,17200,23633733052,홈키파 수성에어졸 무향 초파리 모기 퇴치 스프레이 에프킬라,2200,0,쿠팡,일반상품,가격비교 비매칭 일반상품,홈키파,,생활/건강,생활용품,해충퇴치용품,에어졸/스프레이,https://shopping-phinf.pstatic.net/main_2363373/23633733052.jpg
253,253,7,14,초파리,4290,17200,19227067020,일양약품 스마트 초파리트랩(용기+유인제)-2개 날파리,11500,0,쿠팡,일반상품,가격비교 비매칭 일반상품,일양약품,,생활/건강,생활용품,해충퇴치용품,에어졸/스프레이,https://shopping-phinf.pstatic.net/main_1922706/19227067020.jpg
254,254,7,15,초파리,4290,17200,82626940567,파비 책벌레 돈벌레 콩벌레 권연벌레 귀뚜라미 톡토기 날파리 좀벌레 바퀴벌레 쥐며느리 퇴치법 제거 박멸 퇴치 약 제,16000,0,바른농자재,일반상품,가격비교 비매칭 일반상품,,,생활/건강,생활용품,해충퇴치용품,에어졸/스프레이,https://shopping-phinf.pstatic.net/main_8262694/82626940567.jpg
255,255,7,16,초파리,4290,17200,22778956975,킬파프 초파리트랩 5개 무독성 초파리퇴치 과일파리,29500,0,옥션,일반상품,가격비교 비매칭 일반상품,,,생활/건강,생활용품,해충퇴치용품,에어졸/스프레이,https://shopping-phinf.pstatic.net/main_2277895/22778956975.jpg
256,256,7,17,초파리,4290,17200,22449477659,해피홈 초파리제로 스프레이290ml,9210,0,홈앤쇼핑,일반상품,가격비교 비매칭 일반상품,해피홈,지에스캠,생활/건강,생활용품,해충퇴치용품,에어졸/스프레이,https://shopping-phinf.pstatic.net/main_2244947/22449477659.jpg
257,257,7,18,초파리,4290,17200,14337751503,홈키파 컴배트 좀벌레 진드기싹 초파리싹 퇴치제품,3120,0,11번가,일반상품,가격비교 비매칭 일반상품,,,생활/건강,생활용품,해충퇴치용품,에어졸/스프레이,https://shopping-phinf.pstatic.net/main_1433775/14337751503.3.jpg
258,258,7,19,초파리,4290,17200,19030688527,쏠라버그킬러 (모기퇴치 해충 날파리 초파리 가정용),25000,0,G마켓,일반상품,가격비교 비매칭 일반상품,,,생활/건강,생활용품,해충퇴치용품,에어졸/스프레이,https://shopping-phinf.pstatic.net/main_1903068/19030688527.jpg
259,259,7,20,초파리,4290,17200,22332459726,독일DBK기술 초파리트랩 초파리약,7490,0,쿠팡,일반상품,가격비교 비매칭 일반상품,,,생활/건강,생활용품,해충퇴치용품,에어졸/스프레이,https://shopping-phinf.pstatic.net/main_2233245/22332459726.1.jpg
260,260,7,21,초파리,4290,17200,18466055064,킬파프 킬파프 초파리트랩 2개/무독성/초파리/과일파리,13300,0,옥션,일반상품,가격비교 비매칭 일반상품,킬파프,,생활/건강,생활용품,해충퇴치용품,에어졸/스프레이,https://shopping-phinf.pstatic.net/main_1846605/18466055064.1.jpg
261,261,7,22,초파리,4290,17200,82623655723,초파리트랩 날파리 쌀벌레 트랩 화장실벌레 쌀나방 음식물 날파리 퇴치제 퇴치법 다이소,9800,0,리치버킷,일반상품,가격비교 비매칭 일반상품,,,생활/건강,생활용품,해충퇴치용품,에어졸/스프레이,https://shopping-phinf.pstatic.net/main_8262365/82623655723.jpg
262,262,7,23,초파리,4290,17200,82512338437,다킬라 300ml 살충 스프레이 강력 살충제 모기 파리 날파리 나방 지네 독지네 하루살이 등 다양한 종류의 해충 퇴치 박멸 제거,7000,0,벅스퇴치,일반상품,가격비교 비매칭 일반상품,,,생활/건강,생활용품,해충퇴치용품,에어졸/스프레이,https://shopping-phinf.pstatic.net/main_8251233/82512338437.1.jpg
263,263,7,24,초파리,4290,17200,82536033977,초파리 날파리 진드기 퇴치법 퇴치제 벌레제거제,7000,0,슬로우데일리,일반상품,가격비교 비매칭 일반상품,,유한양행,생활/건강,생활용품,해충퇴치용품,에어졸/스프레이,https://shopping-phinf.pstatic.net/main_8253603/82536033977.jpg
264,264,7,25,초파리,4290,17200,82534168964,가정용 화장실 음식물쓰레기 초파리퇴치법 날파리 진드기 천연 벌레 스프레이 제거제 퇴치제,6900,0,세모판다,일반상품,가격비교 비매칭 일반상품,유한양행,유한양행,생활/건강,생활용품,해충퇴치용품,에어졸/스프레이,https://shopping-phinf.pstatic.net/main_8253416/82534168964.jpg
265,265,7,26,초파리,4290,17200,82534657312,(1+1) 초파리트랩 초파리퇴치 날파리유인 날벌레 해충 박멸,5400,0,올앳홈,일반상품,가격비교 비매칭 일반상품,리빙굿,비엘코리아,생활/건강,생활용품,해충퇴치용품,에어졸/스프레이,https://shopping-phinf.pstatic.net/main_8253465/82534657312.jpg
266,266,7,27,초파리,4290,17200,23269296291,리빙굿 초파리 트랩 2개 무독성/초파리/과일파리,5260,0,인터파크,일반상품,가격비교 비매칭 일반상품,,,생활/건강,생활용품,해충퇴치용품,에어졸/스프레이,https://shopping-phinf.pstatic.net/main_2326929/23269296291.jpg
267,267,7,28,초파리,4290,17200,82531369910,초파리트랩 날파리 유인제,1800,0,서로샵,일반상품,가격비교 비매칭 일반상품,리빙굿,비엘코리아,생활/건강,생활용품,해충퇴치용품,에어졸/스프레이,https://shopping-phinf.pstatic.net/main_8253136/82531369910.jpg
268,268,7,29,초파리,4290,17200,23556018710,파워킬 과립 100g x 5개 1박스 / 파리약 초파리 퇴치,14850,0,옥션,일반상품,가격비교 비매칭 일반상품,,,생활/건강,생활용품,해충퇴치용품,에어졸/스프레이,https://shopping-phinf.pstatic.net/main_2355601/23556018710.jpg
269,269,7,30,초파리,4290,17200,82453640230,해피홈 초파리제로 290ml (싱크대 하수구 날파리 살충제 음식쓰레기 날파리약),6930,0,더케이인터내셔널,일반상품,가격비교 비매칭 일반상품,,,생활/건강,생활용품,해충퇴치용품,에어졸/스프레이,https://shopping-phinf.pstatic.net/main_8245364/82453640230.1.jpg
270,270,7,31,초파리,4290,17200,23244496989,리빙굿 초파리트랩 과일파리 유인제 해충퇴치,1580,0,옥션,일반상품,가격비교 비매칭 일반상품,,,생활/건강,생활용품,해충퇴치용품,에어졸/스프레이,https://shopping-phinf.pstatic.net/main_2324449/23244496989.jpg
271,271,7,32,초파리,4290,17200,80415683242,컴배트 좀벌레싹 진드기싹 초파리싹 스프레이 시트 등,6600,0,코비스,일반상품,가격비교 비매칭 일반상품,컴배트,,생활/건강,생활용품,해충퇴치용품,에어졸/스프레이,https://shopping-phinf.pstatic.net/main_8041568/80415683242.jpg
272,272,7,33,초파리,4290,17200,82396049606,스마트 초파리 트랩 유인제 포함,3800,0,싸다싸 종합쇼핑몰,일반상품,가격비교 비매칭 일반상품,,,생활/건강,생활용품,해충퇴치용품,에어졸/스프레이,https://shopping-phinf.pstatic.net/main_8239604/82396049606.jpg
273,273,7,34,초파리,4290,17200,20019809010,유한양행 유한양행 해피홈 초파리제로 스프레이 290ml,4900,0,G마켓,일반상품,가격비교 비매칭 일반상품,유한양행,,생활/건강,생활용품,해충퇴치용품,에어졸/스프레이,https://shopping-phinf.pstatic.net/main_2001980/20019809010.jpg
274,274,7,35,초파리,4290,17200,22792675496,유한양행 해피홈 제로 초파리 스프레이 290ml x 2개,9800,0,G마켓,일반상품,가격비교 비매칭 일반상품,,,생활/건강,생활용품,해충퇴치용품,에어졸/스프레이,https://shopping-phinf.pstatic.net/main_2279267/22792675496.jpg
275,275,7,36,초파리,4290,17200,15208320151,일양약품 스마트 초파리 유인제 트랩,4300,0,옥션,일반상품,가격비교 비매칭 일반상품,일양약품,,생활/건강,생활용품,해충퇴치용품,에어졸/스프레이,https://shopping-phinf.pstatic.net/main_1520832/15208320151.1.jpg
276,276,7,37,초파리,4290,17200,11292608287,킬파프 날파리퇴치 초파리트랩 1개,6000,0,MR팜,일반상품,가격비교 비매칭 일반상품,킬파프,디비케이,생활/건강,생활용품,해충퇴치용품,에어졸/스프레이,https://shopping-phinf.pstatic.net/main_1129260/11292608287.2.jpg
277,277,7,38,초파리,4290,17200,82131362582,아로마 퍼퓸280ml 자동분사기별매 파리 모기 거미 날파리 하루살이 모든해충제거,8000,0,우주해피몰,일반상품,가격비교 비매칭 일반상품,,,생활/건강,생활용품,해충퇴치용품,에어졸/스프레이,https://shopping-phinf.pstatic.net/main_8213136/82131362582.jpg
278,278,7,39,초파리,4290,17200,23745334498,컴배트 에어졸 바퀴 수성 모기약 날파리 퇴치 훈증기,10100,0,리빙스마트,일반상품,가격비교 비매칭 일반상품,,헨켈,생활/건강,생활용품,해충퇴치용품,에어졸/스프레이,https://shopping-phinf.pstatic.net/main_2374533/23745334498.jpg
279,279,7,40,초파리,4290,17200,24187001876,킬파프 초파리트랩 15ml/1개/초파리박멸/과일파리,5540,0,G마켓,일반상품,가격비교 비매칭 일반상품,,,생활/건강,생활용품,해충퇴치용품,에어졸/스프레이,https://shopping-phinf.pstatic.net/main_2418700/24187001876.jpg
280,280,8,1,초파리,4290,17200,24096183714,2P 신기패 바퀴벌레 약 개미약 퇴치약 날파리 살충제 기발한 아이디어 상품 [고래샵],9900,0,위메프,일반상품,가격비교 비매칭 일반상품,,,생활/건강,생활용품,해충퇴치용품,에어졸/스프레이,https://shopping-phinf.pstatic.net/main_2409618/24096183714.jpg
281,281,8,2,초파리,4290,17200,82536528876,엠디디지탈 MD 초파리트랩LED MK1,12900,0,우체국택배,일반상품,가격비교 비매칭 일반상품,,,생활/건강,생활용품,해충퇴치용품,에어졸/스프레이,https://shopping-phinf.pstatic.net/main_8253652/82536528876.jpg
282,282,8,3,초파리,4290,17200,82599835445,홈키파 초파리싹 290ml/헨켈 스프레이 천연 벌레퇴치제 날파리,7430,0,브이아이피기프트 온라인몰,일반상품,가격비교 비매칭 일반상품,헨켈,헨켈,생활/건강,생활용품,해충퇴치용품,에어졸/스프레이,https://shopping-phinf.pstatic.net/main_8259983/82599835445.jpg
283,283,8,4,초파리,4290,17200,22792576406,무료배송 해피홈 제로 초파리 스프레이 290ml x 2개,11180,0,옥션,일반상품,가격비교 비매칭 일반상품,,,생활/건강,생활용품,해충퇴치용품,에어졸/스프레이,https://shopping-phinf.pstatic.net/main_2279257/22792576406.jpg
284,284,8,5,초파리,4290,17200,18330507730,[무독성]페스트세븐가든트랩 화초벌레 고무나무벌레 초파리 퇴치,12240,0,티몬,일반상품,가격비교 비매칭 일반상품,,,생활/건강,생활용품,해충퇴치용품,에어졸/스프레이,https://shopping-phinf.pstatic.net/main_1833050/18330507730.jpg
285,285,8,6,초파리,4290,17200,82581551615,(1+1) 좀벌레퇴치법 책벌레 초파리 날파리 쌀나방 화장실벌레 퇴치제 트랩 집벌레퇴치,9900,0,잡화생활,일반상품,가격비교 비매칭 일반상품,,,생활/건강,생활용품,해충퇴치용품,에어졸/스프레이,https://shopping-phinf.pstatic.net/main_8258155/82581551615.jpg
286,286,8,7,초파리,4290,17200,7715583644,V11 대길화학 파리왕끈끈이 (5매입x5팩) / 벌레 파리 파리잡이 날파리 퇴치 트랩,7270,0,11번가,일반상품,가격비교 비매칭 일반상품,,,생활/건강,생활용품,해충퇴치용품,에어졸/스프레이,https://shopping-phinf.pstatic.net/main_7715583/7715583644.3.jpg
287,287,8,8,초파리,4290,17200,15557405560,일양약품 스마트 초파리 유인제 트랩/ 일양약품,3870,0,G마켓,일반상품,가격비교 비매칭 일반상품,일양약품,,생활/건강,생활용품,해충퇴치용품,에어졸/스프레이,https://shopping-phinf.pstatic.net/main_1555740/15557405560.27.jpg
288,288,8,9,초파리,4290,17200,10196863418,스마트 초파리트랩/초파리/날파리/초파리퇴치,3200,0,다르마,일반상품,가격비교 비매칭 일반상품,,,생활/건강,생활용품,해충퇴치용품,에어졸/스프레이,https://shopping-phinf.pstatic.net/main_1019686/10196863418.1.jpg
289,289,8,10,초파리,4290,17200,23745382060,컴배트 에어졸 세이프 450ml 없애기 벌레약 모기약 날파리 퇴치 훈증기,9700,0,리빙스마트,일반상품,가격비교 비매칭 일반상품,,,생활/건강,생활용품,해충퇴치용품,에어졸/스프레이,https://shopping-phinf.pstatic.net/main_2374538/23745382060.jpg
290,290,8,11,초파리,4290,17200,23456852989,리빙굿 과일파리 초파리 트랩 15g x 5개,10300,0,쿠팡,일반상품,가격비교 비매칭 일반상품,리빙굿,,생활/건강,생활용품,해충퇴치용품,에어졸/스프레이,https://shopping-phinf.pstatic.net/main_2345685/23456852989.jpg
291,291,8,12,초파리,4290,17200,22749601294,일양약품 스마트 초파리트랩-1개/ 초파리퇴치/날파리,3300,0,옥션,일반상품,가격비교 비매칭 일반상품,일양약품,,생활/건강,생활용품,해충퇴치용품,에어졸/스프레이,https://shopping-phinf.pstatic.net/main_2274960/22749601294.jpg
292,292,8,13,초파리,4290,17200,18465462730,킬파프 킬파프 초파리트랩 2개/무독성/초파리/과일파리,13000,0,G마켓,일반상품,가격비교 비매칭 일반상품,킬파프,,생활/건강,생활용품,해충퇴치용품,에어졸/스프레이,https://shopping-phinf.pstatic.net/main_1846546/18465462730.1.jpg
293,293,8,14,초파리,4290,17200,14098405256,거미 빈대 벼룩 진드기 날파리 약 집안각종해충 벅스올킬 500ml,7040,0,11번가,일반상품,가격비교 비매칭 일반상품,,,생활/건강,생활용품,해충퇴치용품,에어졸/스프레이,https://shopping-phinf.pstatic.net/main_1409840/14098405256.1.jpg
294,294,8,15,초파리,4290,17200,14638815251,DBK 킬파프 플라이케쳐 초파리트랩 15mlx2/초파리퇴치,13900,0,G마켓,일반상품,가격비교 비매칭 일반상품,,,생활/건강,생활용품,해충퇴치용품,에어졸/스프레이,https://shopping-phinf.pstatic.net/main_1463881/14638815251.2.jpg
295,295,8,16,초파리,4290,17200,19300394935,초파리트랩(유인제+용기)- 1개/초파리스프레이,4000,0,11번가,일반상품,가격비교 비매칭 일반상품,일양약품,,생활/건강,생활용품,해충퇴치용품,에어졸/스프레이,https://shopping-phinf.pstatic.net/main_1930039/19300394935.jpg
296,296,8,17,초파리,4290,17200,6959193928,블루버드 포충기 카트리지 (끈끈이) 사용 파리 모기 초파리 해충퇴치기,233000,0,제이큐,일반상품,가격비교 비매칭 일반상품,,세기시스템,생활/건강,생활용품,해충퇴치용품,에어졸/스프레이,https://shopping-phinf.pstatic.net/main_6959193/6959193928.4.jpg
297,297,8,18,초파리,4290,17200,82084334245,[베베루아] 1+1 천연 이카리딘성분 모기기피제 퇴치제 스프레이 날파리퇴치 임산부모기 아기모기,13900,0,베베루아,일반상품,가격비교 비매칭 일반상품,베베루아,베베루아,생활/건강,생활용품,해충퇴치용품,에어졸/스프레이,https://shopping-phinf.pstatic.net/main_8208433/82084334245.1.jpg
298,298,8,19,초파리,4290,17200,23779034241,유한양행 해피홈 초파리제로 290ml 2개,13800,0,쿠팡,일반상품,가격비교 비매칭 일반상품,,,생활/건강,생활용품,해충퇴치용품,에어졸/스프레이,https://shopping-phinf.pstatic.net/main_2377903/23779034241.jpg
299,299,8,20,초파리,4290,17200,22360157152,날파리 벌레 거미 빈대 벼룩 약 더존킬라300ml 하수구벌 화장실 벌레,6590,0,11번가,일반상품,가격비교 비매칭 일반상품,,,생활/건강,생활용품,해충퇴치용품,에어졸/스프레이,https://shopping-phinf.pstatic.net/main_2236015/22360157152.2.jpg
300,300,8,21,초파리,4290,17200,80503679763,음식물쓰레기통 부착형 냄새 초파리 퇴치제,8900,0,ULTRAMARKET,일반상품,가격비교 비매칭 일반상품,,,생활/건강,생활용품,해충퇴치용품,에어졸/스프레이,https://shopping-phinf.pstatic.net/main_8050367/80503679763.jpg
301,301,8,22,초파리,4290,17200,82555233355,국내산 초파리 트랩 날파리 퇴치제 제거 약 퇴치법,3200,0,톡톡마트,일반상품,가격비교 비매칭 일반상품,,,생활/건강,생활용품,해충퇴치용품,에어졸/스프레이,https://shopping-phinf.pstatic.net/main_8255523/82555233355.jpg
302,302,8,23,초파리,4290,17200,82095119052,아스제약 코바에가 호이호이 날파리 벌레 퇴치제 (2개입),13300,0,노리모노재팬,일반상품,가격비교 비매칭 일반상품,,아스제약,생활/건강,생활용품,해충퇴치용품,에어졸/스프레이,https://shopping-phinf.pstatic.net/main_8209511/82095119052.jpg
303,303,8,24,초파리,4290,17200,23192208196,[유한양행] 해피홈 진드기+초파리 스프레이 2입 세트,8820,0,11번가,일반상품,가격비교 비매칭 일반상품,해피홈,,생활/건강,생활용품,해충퇴치용품,에어졸/스프레이,https://shopping-phinf.pstatic.net/main_2319220/23192208196.jpg
304,304,8,25,초파리,4290,17200,24206147023,해피홈 초파리제로 스프레이290ml x2개,14079,0,SSG닷컴,일반상품,가격비교 비매칭 일반상품,,,생활/건강,생활용품,해충퇴치용품,에어졸/스프레이,https://shopping-phinf.pstatic.net/main_2420614/24206147023.jpg
305,305,8,26,초파리,4290,17200,24206200661,해피홈 초파리제로 스프레이290ml x2개,14820,0,신세계몰,일반상품,가격비교 비매칭 일반상품,,,생활/건강,생활용품,해충퇴치용품,에어졸/스프레이,https://shopping-phinf.pstatic.net/main_2420620/24206200661.jpg
306,306,8,27,초파리,4290,17200,24206161359,해피홈 초파리제로 스프레이290ml x2개,14820,0,이마트몰,일반상품,가격비교 비매칭 일반상품,,,생활/건강,생활용품,해충퇴치용품,에어졸/스프레이,https://shopping-phinf.pstatic.net/main_2420616/24206161359.jpg
307,307,8,28,초파리,4290,17200,24198176977,유한양행 해피홈 초파리제로 스프레이290ml x2개(HKD2),14500,0,G마켓,일반상품,가격비교 비매칭 일반상품,유한양행,,생활/건강,생활용품,해충퇴치용품,에어졸/스프레이,https://shopping-phinf.pstatic.net/main_2419817/24198176977.jpg
308,308,8,29,초파리,4290,17200,21877558400,홈키파 컴배트 좀벌레싹 진드기싹 초파리싹,6200,0,G마켓,일반상품,가격비교 비매칭 일반상품,,,생활/건강,생활용품,해충퇴치용품,에어졸/스프레이,https://shopping-phinf.pstatic.net/main_2187755/21877558400.jpg
309,309,8,30,초파리,4290,17200,22778999523,킬파프 초파리트랩 3개 무독성 초파리퇴치 과일파리,18700,0,옥션,일반상품,가격비교 비매칭 일반상품,,,생활/건강,생활용품,해충퇴치용품,에어졸/스프레이,https://shopping-phinf.pstatic.net/main_2277899/22778999523.jpg
310,310,8,31,초파리,4290,17200,23880266927,킬파프 1+1 [무료배송] 초파리싹 킬파프 1+1,12150,0,티몬,일반상품,가격비교 비매칭 일반상품,,,생활/건강,생활용품,해충퇴치용품,에어졸/스프레이,https://shopping-phinf.pstatic.net/main_2388026/23880266927.jpg
311,311,8,32,초파리,4290,17200,22752004778,해피홈 초파리 제로 스프레이 290ml X 2개,11250,0,쿠팡,일반상품,가격비교 비매칭 일반상품,해피홈,,생활/건강,생활용품,해충퇴치용품,에어졸/스프레이,https://shopping-phinf.pstatic.net/main_2275200/22752004778.jpg
312,312,8,33,초파리,4290,17200,17629600914,독일DBK기술 초파리 약 퇴치제 초파리트랩,7980,0,G마켓,일반상품,가격비교 비매칭 일반상품,,,생활/건강,생활용품,해충퇴치용품,에어졸/스프레이,https://shopping-phinf.pstatic.net/main_1762960/17629600914.jpg
313,313,8,34,초파리,4290,17200,9925129731,초파리퇴치제-5개/날파리 파리약 집파리 음식물,24500,0,미소팜,일반상품,가격비교 비매칭 일반상품,일양약품,,생활/건강,생활용품,해충퇴치용품,에어졸/스프레이,https://shopping-phinf.pstatic.net/main_9925129/9925129731.1.jpg
314,314,8,35,초파리,4290,17200,20014219831,[DBK]킬파프 플라이케쳐 초파리트랩 15mlx2 날파리제거,14160,0,SK스토아,일반상품,가격비교 비매칭 일반상품,,,생활/건강,생활용품,해충퇴치용품,에어졸/스프레이,https://shopping-phinf.pstatic.net/main_2001421/20014219831.jpg
315,315,8,36,초파리,4290,17200,14481855609,일양약품 일양약품 스마트 초파리 유인제 트랩,4620,0,옥션,일반상품,가격비교 비매칭 일반상품,일양약품,일양약품,생활/건강,생활용품,해충퇴치용품,에어졸/스프레이,https://shopping-phinf.pstatic.net/main_1448185/14481855609.jpg
316,316,8,37,초파리,4290,17200,20346596253,유한양행 해피홈 초파리제로 스프레이 290mL,5130,0,G마켓,일반상품,가격비교 비매칭 일반상품,유한양행,,생활/건강,생활용품,해충퇴치용품,에어졸/스프레이,https://shopping-phinf.pstatic.net/main_2034659/20346596253.jpg
317,317,8,38,초파리,4290,17200,18466055808,킬파프 초파리트랩 1개/무독성/초파리/과일파리,5400,0,옥션,일반상품,가격비교 비매칭 일반상품,,,생활/건강,생활용품,해충퇴치용품,에어졸/스프레이,https://shopping-phinf.pstatic.net/main_1846605/18466055808.jpg
318,318,8,39,초파리,4290,17200,22229493372,DBK 킬파프 플라이케쳐 초파리트랩 15mlx2 날파리제,12360,0,G마켓,일반상품,가격비교 비매칭 일반상품,,,생활/건강,생활용품,해충퇴치용품,에어졸/스프레이,https://shopping-phinf.pstatic.net/main_2222949/22229493372.1.jpg
319,319,8,40,초파리,4290,17200,20821548385,유한양행 f해피홈 초파리제로(290ml) 초파리제거 날파리 파리약,7990,0,G마켓,일반상품,가격비교 비매칭 일반상품,유한양행,,생활/건강,생활용품,해충퇴치용품,에어졸/스프레이,https://shopping-phinf.pstatic.net/main_2082154/20821548385.jpg
320,320,9,1,초파리,4290,17200,13838842567,영국해충방제 초파리퇴치 초파리 페로몬 트랩(1개입),1970,0,옥션,일반상품,가격비교 비매칭 일반상품,,,생활/건강,생활용품,해충퇴치용품,에어졸/스프레이,https://shopping-phinf.pstatic.net/main_1383884/13838842567.3.jpg
321,321,9,2,초파리,4290,17200,81895747379,살충제 모기 날파리 초파리 구더기 퇴치제 비오델타유제1L,29000,0,로얄모두팜,일반상품,가격비교 비매칭 일반상품,,,생활/건강,생활용품,해충퇴치용품,에어졸/스프레이,https://shopping-phinf.pstatic.net/main_8189574/81895747379.jpg
322,322,9,3,초파리,4290,17200,9925114899,일양약품 초파리 퇴치제-2개/음식물쓰레기 날파리 집파리,10810,0,G마켓,일반상품,가격비교 비매칭 일반상품,일양약품,,생활/건강,생활용품,해충퇴치용품,에어졸/스프레이,https://shopping-phinf.pstatic.net/main_9925114/9925114899.1.jpg
323,323,9,4,초파리,4290,17200,82200371681,날파리 초파리 약 제거 천연 벌레 퇴치,7180,0,헤븐리,일반상품,가격비교 비매칭 일반상품,,헨켈,생활/건강,생활용품,해충퇴치용품,에어졸/스프레이,https://shopping-phinf.pstatic.net/main_8220037/82200371681.jpg
324,324,9,5,초파리,4290,17200,17786939680,코바에가 호이호이 2개입 초파리 및 여름벌레 퇴치,23270,0,옥션,일반상품,가격비교 비매칭 일반상품,,,생활/건강,생활용품,해충퇴치용품,에어졸/스프레이,https://shopping-phinf.pstatic.net/main_1778693/17786939680.jpg
325,325,9,6,초파리,4290,17200,82672045311,해피홈 홈키파 초파리제로1+1(총2개) 초파리싹 날파리 퇴치제 스프레이 290ml,10900,0,소땡컴퍼니,일반상품,가격비교 비매칭 일반상품,홈키파,유한양행,생활/건강,생활용품,해충퇴치용품,에어졸/스프레이,https://shopping-phinf.pstatic.net/main_8267204/82672045311.1.jpg
326,326,9,7,초파리,4290,17200,23887862015,대용량 초파리싹 살충제 킬파프 500ML 2EA 무료배송,13000,0,G마켓,일반상품,가격비교 비매칭 일반상품,,,생활/건강,생활용품,해충퇴치용품,에어졸/스프레이,https://shopping-phinf.pstatic.net/main_2388786/23887862015.jpg
327,327,9,8,초파리,4290,17200,82563655597,리유마켓 초파리 과일파리 트랩 날파리 약 유인제 퇴치제,2700,0,리유마켓,일반상품,가격비교 비매칭 일반상품,,,생활/건강,생활용품,해충퇴치용품,에어졸/스프레이,https://shopping-phinf.pstatic.net/main_8256365/82563655597.jpg
328,328,9,9,초파리,4290,17200,8822625280,델타그린 1L 방역용 살충제 나방파리 깔따구퇴치 날파리퇴치 바퀴벌레 모기,33000,0,제이큐,일반상품,가격비교 비매칭 일반상품,,,생활/건강,생활용품,해충퇴치용품,에어졸/스프레이,https://shopping-phinf.pstatic.net/main_8822625/8822625280.3.jpg
329,329,9,10,초파리,4290,17200,82595949933,잔류성 초파리퇴치법 날파리 살충제 가정용 야생진드기퇴치제 290ml,10990,0,잡화투데이,일반상품,가격비교 비매칭 일반상품,유한양행,유한양행,생활/건강,생활용품,해충퇴치용품,에어졸/스프레이,https://shopping-phinf.pstatic.net/main_8259594/82595949933.jpg
330,330,9,11,초파리,4290,17200,23235648361,리빙굿 초파리 트랩,1960,0,홈앤쇼핑,일반상품,가격비교 비매칭 일반상품,,,생활/건강,생활용품,해충퇴치용품,에어졸/스프레이,https://shopping-phinf.pstatic.net/main_2323564/23235648361.jpg
331,331,9,12,초파리,4290,17200,82579646682,해충 초파리퇴치법 날파리 트랩 집에날파리 나방파리 초파리없애는방법 벌레끈끈이 쓰레기통,2900,0,퍼플리치,일반상품,가격비교 비매칭 일반상품,,대길산업,생활/건강,생활용품,해충퇴치용품,에어졸/스프레이,https://shopping-phinf.pstatic.net/main_8257964/82579646682.jpg
332,332,9,13,초파리,4290,17200,23117614597,리빙굿 초파리트랩 날파리퇴치 초파리유인제 1개,2500,0,11번가,일반상품,가격비교 비매칭 일반상품,,,생활/건강,생활용품,해충퇴치용품,에어졸/스프레이,https://shopping-phinf.pstatic.net/main_2311761/23117614597.1.jpg
333,333,9,14,초파리,4290,17200,22700420861,킬파프 초파리트랩 3개 무독성 초파리 과일파리 무료배송,18400,0,티몬,일반상품,가격비교 비매칭 일반상품,킬파프,,생활/건강,생활용품,해충퇴치용품,에어졸/스프레이,https://shopping-phinf.pstatic.net/main_2270042/22700420861.jpg
334,334,9,15,초파리,4290,17200,80753008264,초파리트랩,3500,0,다팜메디,일반상품,가격비교 비매칭 일반상품,,월드켐,생활/건강,생활용품,해충퇴치용품,에어졸/스프레이,https://shopping-phinf.pstatic.net/main_8075300/80753008264.1.jpg
335,335,9,16,초파리,4290,17200,24196208778,킬파프 초파리 트랩(무독성)5개/초파리,27700,0,11번가,일반상품,가격비교 비매칭 일반상품,,,생활/건강,생활용품,해충퇴치용품,에어졸/스프레이,https://shopping-phinf.pstatic.net/main_2419620/24196208778.jpg
336,336,9,17,초파리,4290,17200,24149189974,[해피홈] 초파리 제로 스프레이 290ml,5490,0,GSSHOP,일반상품,가격비교 비매칭 일반상품,해피홈,지에스캠,생활/건강,생활용품,해충퇴치용품,에어졸/스프레이,https://shopping-phinf.pstatic.net/main_2414918/24149189974.jpg
337,337,9,18,초파리,4290,17200,22461021414,일양약품 초파리트랩,4170,0,헬프몰,일반상품,가격비교 비매칭 일반상품,,일양약품,생활/건강,생활용품,해충퇴치용품,에어졸/스프레이,https://shopping-phinf.pstatic.net/main_2246102/22461021414.1.jpg
338,338,9,19,초파리,4290,17200,11070136184,킬파프 초파리트랩 /과일파리 유인제/초파리약/살충제,6600,0,옥션,일반상품,가격비교 비매칭 일반상품,,디비케이,생활/건강,생활용품,해충퇴치용품,에어졸/스프레이,https://shopping-phinf.pstatic.net/main_1107013/11070136184.jpg
339,339,9,20,초파리,4290,17200,20135936913,일양약품 스마트 초파리 제거 트랩 퇴치제로 스프레이,3900,0,11번가,일반상품,가격비교 비매칭 일반상품,,,생활/건강,생활용품,해충퇴치용품,에어졸/스프레이,https://shopping-phinf.pstatic.net/main_2013593/20135936913.1.jpg
340,340,9,21,초파리,4290,17200,20115906820,일양약품 스마트 초파리 제거 트랩 퇴치제로 스프레이,3660,0,옥션,일반상품,가격비교 비매칭 일반상품,,,생활/건강,생활용품,해충퇴치용품,에어졸/스프레이,https://shopping-phinf.pstatic.net/main_2011590/20115906820.jpg
341,341,9,22,초파리,4290,17200,14638756129,DBK 킬파프 플라이케쳐 초파리트랩 15mlx2/초파리퇴치,13770,0,옥션,일반상품,가격비교 비매칭 일반상품,,,생활/건강,생활용품,해충퇴치용품,에어졸/스프레이,https://shopping-phinf.pstatic.net/main_1463875/14638756129.2.jpg
342,342,9,23,초파리,4290,17200,8539009537,VT 강력한 끈끈이 트랩 파리 날파리 끈끈이,8690,0,G마켓,일반상품,가격비교 비매칭 일반상품,,,생활/건강,생활용품,해충퇴치용품,에어졸/스프레이,https://shopping-phinf.pstatic.net/main_8539009/8539009537.jpg
343,343,9,24,초파리,4290,17200,19628205120,코바에가 호이호이 2개입 초파리 및 여름벌레 퇴치,23270,0,옥션,일반상품,가격비교 비매칭 일반상품,,,생활/건강,생활용품,해충퇴치용품,에어졸/스프레이,https://shopping-phinf.pstatic.net/main_1962820/19628205120.jpg
344,344,9,25,초파리,4290,17200,21130441677,초파리퇴치 스프레이-1개/음식물쓰레기 날파리 집파리,6960,0,G마켓,일반상품,가격비교 비매칭 일반상품,,,생활/건강,생활용품,해충퇴치용품,에어졸/스프레이,https://shopping-phinf.pstatic.net/main_2113044/21130441677.2.jpg
345,345,9,26,초파리,4290,17200,14425436062,뉴파워킬(파리/벌/초파리약),2500,0,G마켓,일반상품,가격비교 비매칭 일반상품,,,생활/건강,생활용품,해충퇴치용품,에어졸/스프레이,https://shopping-phinf.pstatic.net/main_1442543/14425436062.1.jpg
346,346,9,27,초파리,4290,17200,20057289512,아로마 퍼퓸280ml 분사기별매 파리 모기 거미 날파리,7920,0,옥션,일반상품,가격비교 비매칭 일반상품,,,생활/건강,생활용품,해충퇴치용품,에어졸/스프레이,https://shopping-phinf.pstatic.net/main_2005728/20057289512.jpg
347,347,9,28,초파리,4290,17200,20115913173,일양약품 스마트 초파리 제거 트랩 퇴치제로 스프레이,3660,0,G마켓,일반상품,가격비교 비매칭 일반상품,,,생활/건강,생활용품,해충퇴치용품,에어졸/스프레이,https://shopping-phinf.pstatic.net/main_2011591/20115913173.jpg
348,348,9,29,초파리,4290,17200,19166468376,DBK 킬파프 플라이케쳐 초파리트랩 15mlx2,13900,0,쿠팡,일반상품,가격비교 비매칭 일반상품,킬파프,,생활/건강,생활용품,해충퇴치용품,에어졸/스프레이,https://shopping-phinf.pstatic.net/main_1916646/19166468376.2.jpg
349,349,9,30,초파리,4290,17200,24101335914,킬파프 플라이캐쳐 초파리트랩 15mlx2 초파리퇴치 ed01,13770,0,옥션,일반상품,가격비교 비매칭 일반상품,,,생활/건강,생활용품,해충퇴치용품,에어졸/스프레이,https://shopping-phinf.pstatic.net/main_2410133/24101335914.jpg
350,350,9,31,초파리,4290,17200,14533721198,초파리/날파리 퇴치제 코바에가 호이호이 2개입,20490,0,G마켓,일반상품,가격비교 비매칭 일반상품,,,생활/건강,생활용품,해충퇴치용품,에어졸/스프레이,https://shopping-phinf.pstatic.net/main_1453372/14533721198.jpg
351,351,9,32,초파리,4290,17200,24018526540,킬파프 초파리 트랩 10개/초파리박멸/과일파리,59400,0,11번가,일반상품,가격비교 비매칭 일반상품,,,생활/건강,생활용품,해충퇴치용품,에어졸/스프레이,https://shopping-phinf.pstatic.net/main_2401852/24018526540.jpg
352,352,9,33,초파리,4290,17200,23745382059,컴배트 에어졸 스피드 500ml 제거 빠른 효과 바퀴벌레약 모기약 훈증기 날파리 퇴치,9100,0,리빙스마트,일반상품,가격비교 비매칭 일반상품,,,생활/건강,생활용품,해충퇴치용품,에어졸/스프레이,https://shopping-phinf.pstatic.net/main_2374538/23745382059.jpg
353,353,9,34,초파리,4290,17200,23983460061,다이소 애드킬초파리트랩용리필액50ML-59155,970,0,옥션,일반상품,가격비교 비매칭 일반상품,,,생활/건강,생활용품,해충퇴치용품,에어졸/스프레이,https://shopping-phinf.pstatic.net/main_2398346/23983460061.jpg
354,354,9,35,초파리,4290,17200,23894776008,스마트초파리퇴치제로 300ml,4550,0,G마켓,일반상품,가격비교 비매칭 일반상품,,,생활/건강,생활용품,해충퇴치용품,에어졸/스프레이,https://shopping-phinf.pstatic.net/main_2389477/23894776008.jpg
355,355,9,36,초파리,4290,17200,82577123242,초파리 없애는법 여름 음식물 하수구 초파리 날파리 약 퇴치법,11700,0,오후잡화,일반상품,가격비교 비매칭 일반상품,유한양행,지에스캠,생활/건강,생활용품,해충퇴치용품,에어졸/스프레이,https://shopping-phinf.pstatic.net/main_8257712/82577123242.jpg
356,356,9,37,초파리,4290,17200,24233340822,캠핑 날파리 벌레퇴치제 홈키파 초파리싹 스프레이 290ml,7200,0,11번가,일반상품,가격비교 비매칭 일반상품,,,생활/건강,생활용품,해충퇴치용품,에어졸/스프레이,https://shopping-phinf.pstatic.net/main_2423334/24233340822.jpg
357,357,9,38,초파리,4290,17200,23552692022,일양약품 초파리트랩(유인제+용기)- 2박스/초파리퇴치 과일파리,7630,0,옥션,일반상품,가격비교 비매칭 일반상품,일양약품,,생활/건강,생활용품,해충퇴치용품,에어졸/스프레이,https://shopping-phinf.pstatic.net/main_2355269/23552692022.jpg
358,358,9,39,초파리,4290,17200,82538251373,향기나리 천연 모기 날파리 쌀벌레 살충제 퇴치제 기피제,5980,0,별의별몰,일반상품,가격비교 비매칭 일반상품,,,생활/건강,생활용품,해충퇴치용품,에어졸/스프레이,https://shopping-phinf.pstatic.net/main_8253825/82538251373.jpg
359,359,9,40,초파리,4290,17200,82660503120,UV LED 초파리 날파리 퇴치법 블랙 화이트 모기 해충 킬러,18600,0,Here-s it all,일반상품,가격비교 비매칭 일반상품,,,생활/건강,생활용품,해충퇴치용품,에어졸/스프레이,https://shopping-phinf.pstatic.net/main_8266050/82660503120.jpg
360,360,10,1,초파리,4290,17200,82659168854,훈증제 돈 벌레 노래기 날파리 약 살충제 퇴치약 퇴치제,9870,0,삐리스토어,일반상품,가격비교 비매칭 일반상품,,그린월드팜,생활/건강,생활용품,해충퇴치용품,에어졸/스프레이,https://shopping-phinf.pstatic.net/main_8265916/82659168854.jpg
361,361,10,2,초파리,4290,17200,24145980714,화장실날파리퇴치 파리없애기 파리퇴치법 파리약,14900,0,G마켓,일반상품,가격비교 비매칭 일반상품,,,생활/건강,생활용품,해충퇴치용품,에어졸/스프레이,https://shopping-phinf.pstatic.net/main_2414598/24145980714.jpg
362,362,10,3,초파리,4290,17200,24143434262,홈매트 초파리싹 290ml,34980,0,쿠팡,일반상품,가격비교 비매칭 일반상품,홈매트,,생활/건강,생활용품,해충퇴치용품,에어졸/스프레이,https://shopping-phinf.pstatic.net/main_2414343/24143434262.jpg
363,363,10,4,초파리,4290,17200,82647979586,초파리 싹 제로 날파리 퇴치법 제거 제 트랩 약,2800,0,마구골라,일반상품,가격비교 비매칭 일반상품,리빙굿,비엘코리아,생활/건강,생활용품,해충퇴치용품,에어졸/스프레이,https://shopping-phinf.pstatic.net/main_8264797/82647979586.jpg
364,364,10,5,초파리,4290,17200,82629883928,구더기 콩벌레 귀뚜라미 공벌레 쥐며느리 거미 퇴치 노래기 잔류성 살충제 날파리 화장실퇴치,15600,0,싼타아이,일반상품,가격비교 비매칭 일반상품,,,생활/건강,생활용품,해충퇴치용품,에어졸/스프레이,https://shopping-phinf.pstatic.net/main_8262988/82629883928.jpg
365,365,10,6,초파리,4290,17200,23034140143,킬파프 킬파프 초파리 트랩 15ml/3개,18000,0,G마켓,일반상품,가격비교 비매칭 일반상품,킬파프,,생활/건강,생활용품,해충퇴치용품,에어졸/스프레이,https://shopping-phinf.pstatic.net/main_2303414/23034140143.jpg
366,366,10,7,초파리,4290,17200,82616320776,다이소초파리트랩 스마트초파리트랩,3550,0,에이치스토리위생,일반상품,가격비교 비매칭 일반상품,,,생활/건강,생활용품,해충퇴치용품,에어졸/스프레이,https://shopping-phinf.pstatic.net/main_8261632/82616320776.jpg
367,367,10,8,초파리,4290,17200,23833241639,싸이퍼킬 유제 소독약(잔류성 살충제 노린재 초파리 돈벌레 베드버그약),23000,0,11번가,일반상품,가격비교 비매칭 일반상품,,,생활/건강,생활용품,해충퇴치용품,에어졸/스프레이,https://shopping-phinf.pstatic.net/main_2383324/23833241639.jpg
368,368,10,9,초파리,4290,17200,82615027453,초파리잡는약 화장실 부엌 날파리 퇴치법,5900,0,오렘올레,일반상품,가격비교 비매칭 일반상품,,디비케이,생활/건강,생활용품,해충퇴치용품,에어졸/스프레이,https://shopping-phinf.pstatic.net/main_8261502/82615027453.jpg
369,369,10,10,초파리,4290,17200,23789714993,쇼핑 에프킬라 킨 500ml 에프킬러 벌레 모기 파리 날파리,3650,0,11번가,일반상품,가격비교 비매칭 일반상품,,,생활/건강,생활용품,해충퇴치용품,에어졸/스프레이,https://shopping-phinf.pstatic.net/main_2378971/23789714993.jpg
370,370,10,11,초파리,4290,17200,82608292913,거미 지네 날파리 나방 파리 바퀴벌레 모기 뿌리는 약국 살충제 에프킬라 퇴치제 500ml,4300,0,레미파,일반상품,가격비교 비매칭 일반상품,에프킬라,,생활/건강,생활용품,해충퇴치용품,에어졸/스프레이,https://shopping-phinf.pstatic.net/main_8260829/82608292913.jpg
371,371,10,12,초파리,4290,17200,82475310956,일양약품 스마트 초파리트랩 3개,14800,0,예성마켓,일반상품,가격비교 비매칭 일반상품,일양약품,월드켐,생활/건강,생활용품,해충퇴치용품,에어졸/스프레이,https://shopping-phinf.pstatic.net/main_8247531/82475310956.jpg
372,372,10,13,초파리,4290,17200,82560734220,홈키파 홈매트 매트형 코드 롤러 훈증기 기피 위생 보호 관리 유아 모기 회피 아이 날파리,12550,0,팹시티,일반상품,가격비교 비매칭 일반상품,,,생활/건강,생활용품,해충퇴치용품,에어졸/스프레이,https://shopping-phinf.pstatic.net/main_8256073/82560734220.1.jpg
373,373,10,14,초파리,4290,17200,19300349719,초파리트랩(유인제+용기)+초파리스프레이/초파리퇴치,9900,0,11번가,일반상품,가격비교 비매칭 일반상품,일양약품,,생활/건강,생활용품,해충퇴치용품,에어졸/스프레이,https://shopping-phinf.pstatic.net/main_1930034/19300349719.jpg
374,374,10,15,초파리,4290,17200,22792640629,유한양행 해피홈 제로 초파리 스프레이 290ml,4900,0,G마켓,일반상품,가격비교 비매칭 일반상품,,,생활/건강,생활용품,해충퇴치용품,에어졸/스프레이,https://shopping-phinf.pstatic.net/main_2279264/22792640629.jpg
375,375,10,16,초파리,4290,17200,22750895214,일양약품 스마트 초파리트랩-1개/ 초파리퇴치/날파리,3300,0,G마켓,일반상품,가격비교 비매칭 일반상품,일양약품,,생활/건강,생활용품,해충퇴치용품,에어졸/스프레이,https://shopping-phinf.pstatic.net/main_2275089/22750895214.jpg
376,376,10,17,초파리,4290,17200,22749514919,일양약품 스마트 초파리트랩- 3개/초파리퇴치/날파리퇴치,9200,0,옥션,일반상품,가격비교 비매칭 일반상품,일양약품,,생활/건강,생활용품,해충퇴치용품,에어졸/스프레이,https://shopping-phinf.pstatic.net/main_2274951/22749514919.jpg
377,377,10,18,초파리,4290,17200,22746660450,해피홈 초파리 제로 스프레이 290ml,5500,0,쿠팡,일반상품,가격비교 비매칭 일반상품,해피홈,,생활/건강,생활용품,해충퇴치용품,에어졸/스프레이,https://shopping-phinf.pstatic.net/main_2274666/22746660450.jpg
378,378,10,19,초파리,4290,17200,82602239238,권연벌레 노래기 퇴치법 날파리 천연 모기 기피제 만들기 날벌레 야외 친환경 집안 디퓨저,15800,0,아임홈인,일반상품,가격비교 비매칭 일반상품,,,생활/건강,생활용품,해충퇴치용품,에어졸/스프레이,https://shopping-phinf.pstatic.net/main_8260223/82602239238.jpg
379,379,10,20,초파리,4290,17200,82431305161,해피홈 초파리제로 290ml,5890,0,스마트리빙,일반상품,가격비교 비매칭 일반상품,,,생활/건강,생활용품,해충퇴치용품,에어졸/스프레이,https://shopping-phinf.pstatic.net/main_8243130/82431305161.jpg
380,380,10,21,초파리,4290,17200,20040970783,코바에가 호이호이 벌레퇴치제 날파리트랩 2개입,10440,0,G마켓,일반상품,가격비교 비매칭 일반상품,,,생활/건강,생활용품,해충퇴치용품,에어졸/스프레이,https://shopping-phinf.pstatic.net/main_2004097/20040970783.jpg
381,381,10,22,초파리,4290,17200,9925004744,일양약품 초파리 퇴치제-1개/음식물쓰레기 날파리 집파리,4500,0,옥션,일반상품,가격비교 비매칭 일반상품,일양약품,,생활/건강,생활용품,해충퇴치용품,에어졸/스프레이,https://shopping-phinf.pstatic.net/main_9925004/9925004744.jpg
382,382,10,23,초파리,4290,17200,19305469817,DBK 킬파프 플라이케쳐 초파리트랩 15mlx2,14240,0,11번가,일반상품,가격비교 비매칭 일반상품,,디비케이,생활/건강,생활용품,해충퇴치용품,에어졸/스프레이,https://shopping-phinf.pstatic.net/main_1930546/19305469817.2.jpg
383,383,10,24,초파리,4290,17200,82077266842,아스제약 코바에가 호이호이 날파리 벌레 퇴치제 (2개입),13300,0,노리모노재팬,일반상품,가격비교 비매칭 일반상품,,아스제약,생활/건강,생활용품,해충퇴치용품,에어졸/스프레이,https://shopping-phinf.pstatic.net/main_8207726/82077266842.1.jpg
384,384,10,25,초파리,4290,17200,19300824733,초파리트랩(유인제+용기) 1개+ 초파리스프레이 1개,9710,0,옥션,일반상품,가격비교 비매칭 일반상품,,,생활/건강,생활용품,해충퇴치용품,에어졸/스프레이,https://shopping-phinf.pstatic.net/main_1930082/19300824733.jpg
385,385,10,26,초파리,4290,17200,81825100254,집에날파리 초파리트랩 화장실 주방 포충기 벌레 퇴치법,5600,0,티에스리브,일반상품,가격비교 비매칭 일반상품,일양약품,일양약품,생활/건강,생활용품,해충퇴치용품,에어졸/스프레이,https://shopping-phinf.pstatic.net/main_8182510/81825100254.jpg
386,386,10,27,초파리,4290,17200,19868418620,일양약품 초파리트랩,5400,0,개구쟁이,일반상품,가격비교 비매칭 일반상품,,일양약품,생활/건강,생활용품,해충퇴치용품,에어졸/스프레이,https://shopping-phinf.pstatic.net/main_1986841/19868418620.2.jpg
387,387,10,28,초파리,4290,17200,18699970224,킬파프 초파리트랩 15ml/1개,5300,0,G마켓,일반상품,가격비교 비매칭 일반상품,,,생활/건강,생활용품,해충퇴치용품,에어졸/스프레이,https://shopping-phinf.pstatic.net/main_1869997/18699970224.jpg
388,388,10,29,초파리,4290,17200,22229106813,DBK 킬파프 플라이케쳐 초파리트랩 15mlx2 날파리제,14760,0,옥션,일반상품,가격비교 비매칭 일반상품,,,생활/건강,생활용품,해충퇴치용품,에어졸/스프레이,https://shopping-phinf.pstatic.net/main_2222910/22229106813.jpg
389,389,10,30,초파리,4290,17200,24156422100,해피홈 해피홈 초파리제로 스프레이 290ml 초파리 제거,5560,0,G마켓,일반상품,가격비교 비매칭 일반상품,해피홈,,생활/건강,생활용품,해충퇴치용품,에어졸/스프레이,https://shopping-phinf.pstatic.net/main_2415642/24156422100.jpg
390,390,10,31,초파리,4290,17200,24149427803,해피홈 해피홈 초파리제로 스프레이 290ml,5850,0,옥션,일반상품,가격비교 비매칭 일반상품,해피홈,,생활/건강,생활용품,해충퇴치용품,에어졸/스프레이,https://shopping-phinf.pstatic.net/main_2414942/24149427803.jpg
391,391,10,32,초파리,4290,17200,23630637101,홈키파 수성 에어졸 1박스 30개입 무향 초파리 모기 퇴치 스프레이 에프킬라,60700,0,11번가,일반상품,가격비교 비매칭 일반상품,홈키파,,생활/건강,생활용품,해충퇴치용품,에어졸/스프레이,https://shopping-phinf.pstatic.net/main_2363063/23630637101.jpg
392,392,10,33,초파리,4290,17200,82577201403,모기약 홈키파 수퍼엘비이 500ml 날파리약 벌레차단,7030,0,하다 쇼핑몰,일반상품,가격비교 비매칭 일반상품,,피죤,생활/건강,생활용품,해충퇴치용품,에어졸/스프레이,https://shopping-phinf.pstatic.net/main_8257720/82577201403.jpg
393,393,10,34,초파리,4290,17200,80876706915,벌 해충 날파리 날벌레 차단제 퇴치제 없애는법 퇴치법,15000,0,다윈몰,일반상품,가격비교 비매칭 일반상품,,현진에프앤씨,생활/건강,생활용품,해충퇴치용품,에어졸/스프레이,https://shopping-phinf.pstatic.net/main_8087670/80876706915.1.jpg
394,394,10,35,초파리,4290,17200,24013299998,해충퇴치제 아로마퍼퓸280ml 10개 나방 날파리 모기,78210,0,G마켓,일반상품,가격비교 비매칭 일반상품,,,생활/건강,생활용품,해충퇴치용품,에어졸/스프레이,https://shopping-phinf.pstatic.net/main_2401329/24013299998.jpg
395,395,10,36,초파리,4290,17200,23470935622,해피홈 유한 무향 1개 OUT 2개입 좀벌레 옷장용 파리끈끈이 초파리트랩 모기잡는기계,7890,0,11번가,일반상품,가격비교 비매칭 일반상품,유한양행,유한양행,생활/건강,생활용품,해충퇴치용품,에어졸/스프레이,https://shopping-phinf.pstatic.net/main_2347093/23470935622.jpg
396,396,10,37,초파리,4290,17200,82028257604,초파리 스프레이 300ml / 과일파리 / 벌래유인액 / 해충유인액,5500,0,코지맘,일반상품,가격비교 비매칭 일반상품,일양약품,일양약품,생활/건강,생활용품,해충퇴치용품,에어졸/스프레이,https://shopping-phinf.pstatic.net/main_8202825/82028257604.5.jpg
397,397,10,38,초파리,4290,17200,24096112349,2P 신기패 바퀴벌레 약 개미약 퇴치약 날파리 살충제 기발한 아이디어상품 [고래샵],9900,0,11번가,일반상품,가격비교 비매칭 일반상품,,,생활/건강,생활용품,해충퇴치용품,에어졸/스프레이,https://shopping-phinf.pstatic.net/main_2409611/24096112349.jpg
398,398,10,39,초파리,4290,17200,23835024570,대용량 500ML  초파리싹 살충제 킬파프  (국화 추출물) 2EA 무료배송,13000,0,쿠팡,일반상품,가격비교 비매칭 일반상품,,,생활/건강,생활용품,해충퇴치용품,에어졸/스프레이,https://shopping-phinf.pstatic.net/main_2383502/23835024570.jpg
399,399,10,40,초파리,4290,17200,6746208798,롱다운플러스 살충제 분무 연막 희석 모기약 파리약 바퀴벌레약 퇴치 날파리 날벌레 약품 국보싸이언스,29370,0,11번가,일반상품,가격비교 비매칭 일반상품,,,생활/건강,생활용품,해충퇴치용품,에어졸/스프레이,https://shopping-phinf.pstatic.net/main_6746208/6746208798.3.jpg
